小说名称,链接,类别,作者,更新时间,状态
凌天剑尊,https://www.quanben.net//275/275595/,[武侠小说],墨白,04-10,连载
都市逍遥仙帝,https://www.quanben.net//277/277766/,[武侠小说],小无良,04-10,连载
万界轮回之旅,https://www.quanben.net//277/277644/,[武侠小说],萧胡,04-10,连载
窃梦成仙,https://www.quanben.net//265/265535/,[武侠小说],黑色熊猫,04-10,连载
我师叔是林正英,https://www.quanben.net//272/272761/,[武侠小说],白袍飞扬,04-10,连载
仙子请自重（问道红尘）,https://www.quanben.net//282/282580/,[武侠小说],姬叉,04-10,连载
重生洪荒大佬坟头草,https://www.quanben.net//289/289522/,[武侠小说],一毛二,04-10,连载
我有一颗时空珠,https://www.quanben.net//273/273910/,[武侠小说],欲望如雨,04-10,连载
大侠萧金衍,https://www.quanben.net//277/277235/,[武侠小说],三观犹在,04-10,连载
洪荒斗战录,https://www.quanben.net//258/258871/,[武侠小说],真我战神,04-10,连载
大妖孙悟空2之苍穹世界,https://www.quanben.net//259/259388/,[武侠小说],悲歌唐三藏,04-10,连载
了不起的修仙模拟器,https://www.quanben.net//292/292816/,[武侠小说],韩家小树,04-10,连载
这是你的江湖,https://www.quanben.net//292/292818/,[武侠小说],万重秋,04-10,连载
学霸修真指南,https://www.quanben.net//292/292819/,[武侠小说],润书公子,04-10,连载
这个皇后我不当,https://www.quanben.net//222/222709/,[武侠小说],商兑未宁,04-10,连载
封神问道行,https://www.quanben.net//188/188924/,[武侠小说],莫问初心,04-10,连载
我不是那种许仙,https://www.quanben.net//286/286072/,[武侠小说],一个苦力,04-10,连载
洪主,https://www.quanben.net//288/288181/,[武侠小说],烽仙,04-10,连载
我在武侠世界开餐馆,https://www.quanben.net//230/230909/,[武侠小说],步云飞,04-10,连载
元始玉箓,https://www.quanben.net//260/260910/,[武侠小说],一炁化三清,04-10,连载
太平客栈,https://www.quanben.net//277/277278/,[武侠小说],莫问江湖,04-10,连载
洪荒之度厄圣人,https://www.quanben.net//260/260872/,[武侠小说],老豆根,04-10,连载
帝神通鉴,https://www.quanben.net//224/224426/,[武侠小说],孤在上,04-10,连载
铁雪云烟,https://www.quanben.net//226/226569/,[武侠小说],庞钠文,04-10,连载
九日焚天,https://www.quanben.net//273/273521/,[武侠小说],神车架架,04-10,连载
超品小农民,https://www.quanben.net//31/31299/,[武侠小说],寞斜,04-10,连载
凌天剑神,https://www.quanben.net//45/45038/,[武侠小说],竹林之大贤,04-10,连载
都市之魔帝纵横,https://www.quanben.net//139/139236/,[武侠小说],一剑斩仙,04-10,连载
剑颂,https://www.quanben.net//274/274224/,[武侠小说],淡水鲈鱼,04-10,连载
神话仙学院,https://www.quanben.net//285/285703/,[武侠小说],一只南心歌,04-10,连载
仙草供应商,https://www.quanben.net//272/272718/,[武侠小说],寂寞我独走,04-10,连载
西游之妖行纪,https://www.quanben.net//277/277799/,[武侠小说],含光大圣,04-10,连载
恐怖修仙世界（诡异修仙世界）,https://www.quanben.net//282/282400/,[武侠小说],龙蛇枝,04-10,连载
楼乙,https://www.quanben.net//58/58768/,[武侠小说],守望凡尘,04-10,连载
都市最强修真学生,https://www.quanben.net//75/75493/,[武侠小说],林北留,04-09,连载
洪荒之罗睺问道,https://www.quanben.net//260/260775/,[武侠小说],无量小光,04-09,连载
魔极刀,https://www.quanben.net//239/239440/,[武侠小说],紫叶罗兰,04-09,连载
永恒国度,https://www.quanben.net//23/23886/,[武侠小说],孤独漂流,04-09,连载
仙道长青,https://www.quanben.net//262/262115/,[武侠小说],林泉隐士,04-09,连载
江湖英侠,https://www.quanben.net//289/289030/,[武侠小说],随着梦想奔跑,04-09,连载
武侠世界的慕容复,https://www.quanben.net//274/274449/,[武侠小说],非语逐魂,04-09,连载
盖世双谐,https://www.quanben.net//288/288121/,[武侠小说],三天两觉,04-09,连载
赝太子,https://www.quanben.net//265/265144/,[武侠小说],荆柯守,04-09,连载
灵缘界,https://www.quanben.net//103/103729/,[武侠小说],谢十叁,04-09,连载
偃者道途,https://www.quanben.net//236/236023/,[武侠小说],不问苍生问鬼神,04-09,连载
魔道八荒,https://www.quanben.net//274/274231/,[武侠小说],吟枫舞墨,04-09,连载
十方乾坤,https://www.quanben.net//173/173371/,[武侠小说],神出古异,04-09,连载
逍遥派,https://www.quanben.net//6/6099/,[武侠小说],白马出淤泥,04-09,连载
灵鼎山人传,https://www.quanben.net//276/276487/,[武侠小说],锦绣山川,04-09,连载
重生西游之天篷妖尊,https://www.quanben.net//31/31891/,[武侠小说],拼搏的射手,04-09,连载
我滴斩仙飞刀,https://www.quanben.net//282/282884/,[武侠小说],三火成焱,04-09,连载
修仙别看戏,https://www.quanben.net//224/224492/,[武侠小说],踏歌行人未停,04-09,连载
穿越寻侠记,https://www.quanben.net//278/278271/,[武侠小说],寂寞宇宙,04-09,连载
武侠大将军,https://www.quanben.net//289/289881/,[武侠小说],王小丢.CS,04-09,连载
恐怖修仙世界,https://www.quanben.net//275/275377/,[武侠小说],龙蛇枝,04-09,连载
抱天揽月传,https://www.quanben.net//288/288846/,[武侠小说],锦城酒徒,04-09,连载
问道峨眉,https://www.quanben.net//283/283899/,[武侠小说],十里渔舟,04-09,连载
剑魂惊梦,https://www.quanben.net//278/278830/,[武侠小说],萧瑟戏秋风,04-09,连载
连环妙计,https://www.quanben.net//188/188290/,[武侠小说],凡尘溪,04-09,连载
终极全才,https://www.quanben.net//277/277161/,[武侠小说],浪漫烟灰,04-09,连载
从九叔世界开始,https://www.quanben.net//223/223458/,[武侠小说],乌鸦的马甲,04-09,连载
南天封仙,https://www.quanben.net//9/9087/,[武侠小说],天墨,04-09,连载
道镇苍穹,https://www.quanben.net//21/21960/,[武侠小说],董不凡,04-09,连载
剑叩天门,https://www.quanben.net//20/20390/,[武侠小说],无头D,04-09,连载
万物向长生,https://www.quanben.net//276/276328/,[武侠小说],野狐外道,04-09,连载
打穿西游的唐僧,https://www.quanben.net//280/280899/,[武侠小说],涂章溢.QD,04-09,连载
神武斗圣,https://www.quanben.net//285/285890/,[武侠小说],坐云望月,04-09,连载
岂是蓬蒿,https://www.quanben.net//178/178266/,[武侠小说],装天葫芦,04-09,连载
隋末唐初剑侠录,https://www.quanben.net//275/275560/,[武侠小说],白侠客,04-09,连载
荡剑诛魔传,https://www.quanben.net//112/112553/,[武侠小说],空留尘缘叹,04-09,连载
江湖一声吼,https://www.quanben.net//234/234171/,[武侠小说],大姜子,04-09,连载
拜师九叔,https://www.quanben.net//202/202552/,[武侠小说],西瓜有皮不好吃,04-09,连载
万界最强老公,https://www.quanben.net//272/272652/,[武侠小说],牧无痕,04-09,连载
一念圣邪,https://www.quanben.net//148/148301/,[武侠小说],阁主意无形,04-09,连载
洪荒之混乱大道,https://www.quanben.net//186/186925/,[武侠小说],归海云轩,04-09,连载
金鳞,https://www.quanben.net//180/180592/,[武侠小说],土疙瘩的爱情,04-09,连载
帝逆封天,https://www.quanben.net//197/197891/,[武侠小说],天子辉,04-09,连载
蓝月之主,https://www.quanben.net//277/277803/,[武侠小说],酔尽众生,04-09,连载
混沌八皇,https://www.quanben.net//273/273473/,[武侠小说],韩城黑和尚,04-09,连载
跨界道长,https://www.quanben.net//187/187617/,[武侠小说],一十话三郎,04-09,连载
重生西游之证道诸天,https://www.quanben.net//201/201130/,[武侠小说],纸生云烟,04-09,连载
为龙之道,https://www.quanben.net//10/10594/,[武侠小说],君子如龙,04-09,连载
我能追踪万物,https://www.quanben.net//278/278947/,[武侠小说],武三毛,04-09,连载
聊斋之家有妖妻,https://www.quanben.net//286/286107/,[武侠小说],硕鼠肥,04-09,连载
永恒圣王,https://www.quanben.net//27/27059/,[武侠小说],雪满弓刀,04-09,连载
明尊,https://www.quanben.net//287/287352/,[武侠小说],辰一十一,04-09,连载
我家师父有点强,https://www.quanben.net//279/279752/,[武侠小说],晨安未见,04-09,连载
我在江湖兴风作浪,https://www.quanben.net//260/260709/,[武侠小说],青草朦胧,04-09,连载
仙魔同修,https://www.quanben.net//276/276437/,[武侠小说],流浪,04-09,连载
剑修的诸天之旅,https://www.quanben.net//287/287175/,[武侠小说],混乱不堪,04-09,连载
带着青山穿越,https://www.quanben.net//280/280274/,[武侠小说],漆黑血海,04-09,连载
仙武暴君之召唤群雄,https://www.quanben.net//274/274239/,[武侠小说],东方霖,04-09,连载
新白蛇问仙,https://www.quanben.net//274/274089/,[武侠小说],舒楠泽,04-09,连载
纯阳剑尊,https://www.quanben.net//22/22493/,[武侠小说],一任往来,04-09,连载
都市之剑帝重生,https://www.quanben.net//201/201446/,[武侠小说],一杯奶绿,04-09,连载
焚天路,https://www.quanben.net//93/93967/,[武侠小说],洛神雨,04-09,连载
僵尸之邪恶秋生,https://www.quanben.net//262/262897/,[武侠小说],直折剑,04-09,连载
史上最强炼气期,https://www.quanben.net//276/276972/,[武侠小说],李道然,04-09,连载
七宝妙仙,https://www.quanben.net//262/262908/,[武侠小说],晨沧,04-09,连载
羽化浮,https://www.quanben.net//76/76012/,[武侠小说],佛海,04-09,连载
天下第九,https://www.quanben.net//167/167319/,[武侠小说],鹅是老五,04-09,连载
玄尘道途,https://www.quanben.net//112/112310/,[武侠小说],一介残骸,04-09,连载
亘古大帝,https://www.quanben.net//277/277274/,[武侠小说],陈辉,04-09,连载
狂神刑天,https://www.quanben.net//4/4307/,[武侠小说],妖的天空,04-09,连载
洪荒之焚天帝君,https://www.quanben.net//288/288231/,[武侠小说],夕阳00,04-09,连载
大数据修仙,https://www.quanben.net//108/108871/,[武侠小说],陈风笑,04-09,连载
都市之少年仙尊（都市之无敌仙尊）,https://www.quanben.net//277/277702/,[武侠小说],梦朝南,04-09,连载
仙子请自重,https://www.quanben.net//260/260307/,[武侠小说],姬叉,04-09,连载
楚门狼,https://www.quanben.net//288/288754/,[武侠小说],天雨寒,04-09,连载
诸天黑手,https://www.quanben.net//163/163387/,[武侠小说],纯属偶然.QD,04-09,连载
一个人的仙境,https://www.quanben.net//288/288519/,[武侠小说],寇十五郎,04-09,连载
神启者说,https://www.quanben.net//276/276957/,[武侠小说],江南南丶,04-09,连载
灵台仙缘,https://www.quanben.net//263/263019/,[武侠小说],黄石翁,04-09,连载
归藏剑仙,https://www.quanben.net//53/53516/,[武侠小说],凤箫声动,04-09,连载
一藏轮回,https://www.quanben.net//186/186789/,[武侠小说],山河万朵,04-09,连载
王者风暴,https://www.quanben.net//154/154973/,[武侠小说],古剑锋,04-09,连载
魔门败类,https://www.quanben.net//7/7467/,[武侠小说],惊涛骇浪,04-09,连载
血蓑衣,https://www.quanben.net//133/133873/,[武侠小说],七尺书生,04-09,连载
重生都市之大圣归来,https://www.quanben.net//146/146132/,[武侠小说],斗战圣猴,04-09,连载
沈氏家族崛起,https://www.quanben.net//281/281228/,[武侠小说],神木金刀,04-09,连载
虚龙道尊,https://www.quanben.net//55/55395/,[武侠小说],柏沐寒,04-09,连载
修真大工业时代,https://www.quanben.net//182/182890/,[武侠小说],试剑天涯,04-09,连载
一剑入白衣,https://www.quanben.net//281/281162/,[武侠小说],扑街烂笔头,04-09,连载
道界天下,https://www.quanben.net//276/276838/,[武侠小说],夜行月,04-09,连载
夺运书生,https://www.quanben.net//163/163275/,[武侠小说],钓鱼1哥,04-09,连载
全修真界最奇怪的店铺,https://www.quanben.net//276/276036/,[武侠小说],妙笔生小草,04-09,连载
修神外传仙界篇,https://www.quanben.net//104/104922/,[武侠小说],小段探花,04-09,连载
绝品神女攻略,https://www.quanben.net//272/272830/,[武侠小说],漂羽,04-09,连载
风云中州,https://www.quanben.net//163/163739/,[武侠小说],露晓夜白,04-09,连载
吃鸡奶爸修仙传,https://www.quanben.net//183/183953/,[武侠小说],魔力流失,04-09,连载
苍穹之上,https://www.quanben.net//101/101874/,[武侠小说],石三,04-09,连载
三世独尊,https://www.quanben.net//278/278172/,[武侠小说],一念生,04-09,连载
我家妹妹绝对不是普通人,https://www.quanben.net//285/285711/,[武侠小说],短发女鬼,04-09,连载
我从凡间来（这个修士很危险）,https://www.quanben.net//277/277734/,[武侠小说],想见江南,04-09,连载
偷香高手,https://www.quanben.net//94/94210/,[武侠小说],六如和尚,04-09,连载
玉鉴问道,https://www.quanben.net//282/282152/,[武侠小说],演宁,04-09,连载
三寸人间,https://www.quanben.net//170/170344/,[武侠小说],耳根,04-09,连载
无限升级系统,https://www.quanben.net//274/274952/,[武侠小说],超神笔记本,04-09,连载
仙缘无限,https://www.quanben.net//5/5944/,[武侠小说],雪域明心,04-09,连载
仙宫,https://www.quanben.net//273/273366/,[武侠小说],打眼,04-09,连载
氪金成仙,https://www.quanben.net//278/278250/,[武侠小说],五志,04-09,连载
武道大帝,https://www.quanben.net//275/275495/,[武侠小说],忘情至尊,04-09,连载
命之途,https://www.quanben.net//8/8243/,[武侠小说],莫若梦兮,04-09,连载
玄天龙尊,https://www.quanben.net//145/145227/,[武侠小说],骇龙,04-09,连载
修佛传记,https://www.quanben.net//275/275999/,[武侠小说],Alex郑,04-09,连载
掌控之尊,https://www.quanben.net//24/24514/,[武侠小说],今断,04-09,连载
西游路上有妖魔,https://www.quanben.net//272/272818/,[武侠小说],酒不断,04-09,连载
太上剑典,https://www.quanben.net//20/20661/,[武侠小说],言不二,04-09,连载
无敌天帝,https://www.quanben.net//277/277237/,[武侠小说],何谓仙凡,04-09,连载
仙师无敌,https://www.quanben.net//15/15694/,[武侠小说],叶天南,04-09,连载
剑走偏锋,https://www.quanben.net//286/286931/,[武侠小说],提线风筝,04-09,连载
封神之雷震子,https://www.quanben.net//288/288119/,[武侠小说],游魂使者,04-09,连载
至道学宫,https://www.quanben.net//259/259318/,[武侠小说],碧海蓝天是我老婆,04-09,连载
修仙琐录,https://www.quanben.net//277/277847/,[武侠小说],望月归舟,04-09,连载
乾龙战天,https://www.quanben.net//82/82886/,[武侠小说],文飘过峰,04-09,连载
开局成大帝,https://www.quanben.net//287/287229/,[武侠小说],浩浩宝宝,04-09,连载
夫人们的香裙,https://www.quanben.net//5/5530/,[武侠小说],六如和尚,04-09,连载
无垠,https://www.quanben.net//276/276279/,[武侠小说],醉虎,04-09,连载
重生都市仙帝,https://www.quanben.net//273/273929/,[武侠小说],万鲤鱼,04-09,连载
一剑倾国,https://www.quanben.net//93/93877/,[武侠小说],一介白衣,04-09,连载
重生之都市邪仙,https://www.quanben.net//272/272637/,[武侠小说],六六惊蛰,04-09,连载
托身白刃里，杀人红尘中,https://www.quanben.net//236/236864/,[武侠小说],接卡口,04-09,连载
聊斋之炼神,https://www.quanben.net//288/288662/,[武侠小说],军刀小新,04-09,连载
剑之遥,https://www.quanben.net//286/286122/,[武侠小说],渡羽,04-09,连载
玄浑道章,https://www.quanben.net//277/277407/,[武侠小说],误道者,04-09,连载
重生都市仙尊,https://www.quanben.net//75/75306/,[武侠小说],写书的老书虫,04-09,连载
九天,https://www.quanben.net//277/277818/,[武侠小说],黑山老鬼,04-09,连载
重生之万界天尊,https://www.quanben.net//152/152648/,[武侠小说],依旧的迷茫,04-09,连载
御九天,https://www.quanben.net//291/291894/,[武侠小说],骷髅精灵,04-09,连载
无限之神话逆袭,https://www.quanben.net//277/277592/,[武侠小说],倾世大鹏,04-09,连载
武侠世界从天下第一开始,https://www.quanben.net//274/274478/,[武侠小说],王咸鱼咸王,04-09,连载
神级修炼系统-小知了,https://www.quanben.net//280/280383/,[武侠小说],小知了,04-09,连载
前任无双,https://www.quanben.net//278/278353/,[武侠小说],跃千愁,04-09,连载
从我是特种兵开始打卡,https://www.quanben.net//283/283918/,[武侠小说],纳兰凌云,04-09,连载
重生洪荒棋圣,https://www.quanben.net//275/275354/,[武侠小说],马脸微漾,04-09,连载
我有一块属性板,https://www.quanben.net//283/283941/,[武侠小说],易子七,04-09,连载
我的微信连三界,https://www.quanben.net//273/273327/,[武侠小说],狼烟,04-09,连载
餮仙传人在都市,https://www.quanben.net//21/21273/,[武侠小说],小小羽,04-09,连载
神武至尊,https://www.quanben.net//280/280703/,[武侠小说],颓废的烟121,04-09,连载
长生十万年,https://www.quanben.net//274/274928/,[武侠小说],江如龙,04-09,连载
科技传播系统,https://www.quanben.net//17/17822/,[武侠小说],哥是老三,04-09,连载
神洲：鬼谷传人,https://www.quanben.net//133/133817/,[武侠小说],谢林龙,04-09,连载
步剑庭,https://www.quanben.net//15/15572/,[武侠小说],意缥缈,04-09,连载
大秦从献仙药开始,https://www.quanben.net//285/285684/,[武侠小说],壶中洞天,04-09,连载
六渡之逆斩苍穹,https://www.quanben.net//148/148384/,[武侠小说],杨志远,04-09,连载
仙墓,https://www.quanben.net//273/273432/,[武侠小说],七月雪仙人,04-09,连载
三哥的拳头,https://www.quanben.net//273/273580/,[武侠小说],龙腾东方,04-09,连载
道门大门道,https://www.quanben.net//275/275027/,[武侠小说],雪清欢,04-09,连载
天道发动机,https://www.quanben.net//275/275966/,[武侠小说],大秦骑兵,04-09,连载
封神之武吉传,https://www.quanben.net//264/264829/,[武侠小说],象马,04-09,连载
长生宝卷,https://www.quanben.net//287/287447/,[武侠小说],中土青牛,04-09,连载
画演天地,https://www.quanben.net//29/29277/,[武侠小说],一木千叶,04-08,连载
南宋风烟路,https://www.quanben.net//16/16433/,[武侠小说],林阡,04-08,连载
你真是个天才,https://www.quanben.net//260/260354/,[武侠小说],国王陛下,04-08,连载
西游太小了,https://www.quanben.net//276/276817/,[武侠小说],奔走的老牛,04-08,连载
自九叔世界不朽,https://www.quanben.net//278/278838/,[武侠小说],壹拾话叁郎,04-08,连载
雪狐乾坤录,https://www.quanben.net//278/278710/,[武侠小说],百世经纶一叶书吟,04-08,连载
当反派真难,https://www.quanben.net//230/230109/,[武侠小说],天知如何,04-08,连载
我在聊斋当法海,https://www.quanben.net//285/285605/,[武侠小说],清诚,04-08,连载
诸天纪,https://www.quanben.net//277/277695/,[武侠小说],庄毕凡,04-08,连载
星空最强大圣,https://www.quanben.net//281/281369/,[武侠小说],紫雨哥,04-08,连载
苍空剑庐,https://www.quanben.net//288/288928/,[武侠小说],想见桃花,04-08,连载
修真极恶魔头,https://www.quanben.net//251/251448/,[武侠小说],时间的力量,04-08,连载
仙界赢家,https://www.quanben.net//13/13186/,[武侠小说],竹衣无尘,04-08,连载
不聊斋,https://www.quanben.net//275/275193/,[武侠小说],陈留堂,04-08,连载
魔邪之主,https://www.quanben.net//165/165288/,[武侠小说],永不落伍,04-08,连载
道人赋,https://www.quanben.net//279/279222/,[武侠小说],莫藏拙,04-08,连载
修真高手的田园生活,https://www.quanben.net//168/168455/,[武侠小说],小学嗣业,04-08,连载
这个修士真的不一样,https://www.quanben.net//265/265193/,[武侠小说],钓鱼1哥,04-08,连载
修仙从山贼开始,https://www.quanben.net//288/288652/,[武侠小说],清霜居士,04-08,连载
第一豪婿,https://www.quanben.net//284/284190/,[武侠小说],我吃胡萝卜,04-08,连载
幽冥仙君,https://www.quanben.net//109/109485/,[武侠小说],孤星入梦,04-08,连载
大夏纪,https://www.quanben.net//129/129086/,[武侠小说],博耀,04-08,连载
神洲武皇,https://www.quanben.net//277/277771/,[武侠小说],壁虎尾巴,04-08,连载
紫薇天帝,https://www.quanben.net//280/280761/,[武侠小说],白首青山邪,04-08,连载
娘子是妖怎么办,https://www.quanben.net//288/288836/,[武侠小说],寒风刺客,04-08,连载
重生济颠也修仙,https://www.quanben.net//24/24194/,[武侠小说],小胖子kt,04-08,连载
仙都,https://www.quanben.net//93/93868/,[武侠小说],陈猿,04-08,连载
红罗血影,https://www.quanben.net//78/78150/,[武侠小说],文邪,04-08,连载
无量真途,https://www.quanben.net//16/16524/,[武侠小说],燕十千,04-08,连载
刀剑天帝,https://www.quanben.net//279/279564/,[武侠小说],神马牛,04-08,连载
真摘星拿月,https://www.quanben.net//79/79541/,[武侠小说],鲁西华,04-08,连载
我和师姐共系统,https://www.quanben.net//282/282283/,[武侠小说],阴阳源,04-08,连载
都市全能仙帝,https://www.quanben.net//279/279446/,[武侠小说],妖月无双,04-08,连载
云龙百变,https://www.quanben.net//279/279887/,[武侠小说],东北三哥,04-08,连载
修仙从钻木取火开始,https://www.quanben.net//286/286185/,[武侠小说],汉家枫竹,04-08,连载
逐尘录,https://www.quanben.net//191/191036/,[武侠小说],芦水山芋,04-08,连载
竞月贻香,https://www.quanben.net//23/23860/,[武侠小说],长桴,04-07,连载
从召唤哥布林开始,https://www.quanben.net//285/285644/,[武侠小说],海洋精灵,04-07,连载
重生晚点没事吧,https://www.quanben.net//277/277073/,[武侠小说],38大虾,04-07,连载
山野闲云,https://www.quanben.net//282/282555/,[武侠小说],来不及忧伤,04-07,连载
血炼魔天,https://www.quanben.net//249/249324/,[武侠小说],龙千古,04-07,连载
火爆女君的修仙路,https://www.quanben.net//261/261021/,[武侠小说],淳汐澜,04-07,连载
穿成团宠后我躺赢,https://www.quanben.net//288/288818/,[武侠小说],宋桃桃,04-07,连载
重生之都市仙尊,https://www.quanben.net//68/68709/,[武侠小说],周炎植,04-07,连载
傲月天章,https://www.quanben.net//280/280442/,[武侠小说],玄月先生,04-07,连载
带着武侠闯霹雳,https://www.quanben.net//273/273412/,[武侠小说],风言癫语,04-07,连载
帝逆洪荒,https://www.quanben.net//14/14350/,[武侠小说],天子辉,04-07,连载
从九龙夺嫡开始,https://www.quanben.net//288/288506/,[武侠小说],迦太基的失落,04-07,连载
无限世界投影,https://www.quanben.net//288/288494/,[武侠小说],陈洁南,04-06,连载
洪荒之天帝纪年,https://www.quanben.net//278/278776/,[武侠小说],击楫中流,04-06,连载
钧天图,https://www.quanben.net//92/92823/,[武侠小说],纳楼兰,04-06,连载
重生之最强王爷,https://www.quanben.net//273/273134/,[武侠小说],海天升明月,04-06,连载
巨门卷,https://www.quanben.net//279/279626/,[武侠小说],吟游大诗人,04-06,连载
血染侠衣,https://www.quanben.net//43/43909/,[武侠小说],恋恋舞侠情,04-06,连载
天刑纪,https://www.quanben.net//94/94809/,[武侠小说],曳光,04-06,连载
酒剑长歌行,https://www.quanben.net//181/181326/,[武侠小说],华裳绝美,04-06,连载
太古龙帝诀,https://www.quanben.net//276/276367/,[武侠小说],千年老龟,04-06,连载
从锦衣卫到武林至尊,https://www.quanben.net//283/283448/,[武侠小说],王存业,04-05,连载
弃女初修仙,https://www.quanben.net//223/223199/,[武侠小说],若水听风,04-05,连载
锦衣卫之卧底江湖,https://www.quanben.net//151/151720/,[武侠小说],流浪诗人,04-05,连载
仙道隐名,https://www.quanben.net//21/21906/,[武侠小说],故飘风,04-05,连载
西游之火鳞大王,https://www.quanben.net//272/272980/,[武侠小说],醉殷然,04-05,连载
一剑朝天,https://www.quanben.net//277/277782/,[武侠小说],青涩的叶,04-05,连载
唐侠,https://www.quanben.net//281/281895/,[武侠小说],四更谈,04-05,连载
邪帝传人在都市,https://www.quanben.net//280/280107/,[武侠小说],风起闲云,04-05,连载
苍穹九变,https://www.quanben.net//31/31836/,[武侠小说],风起闲云,04-05,连载
一剑动神州,https://www.quanben.net//276/276689/,[武侠小说],周郎顾我,04-05,连载
傲骨仙神,https://www.quanben.net//36/36444/,[武侠小说],思无涩,04-04,连载
掌心洪荒,https://www.quanben.net//287/287302/,[武侠小说],谈笑风云变,04-04,连载
凡尘一剑,https://www.quanben.net//112/112984/,[武侠小说],剑东来,04-04,连载
大符篆师,https://www.quanben.net//273/273768/,[武侠小说],小刀锋利,04-04,连载
封神之邓元帅,https://www.quanben.net//292/292704/,[武侠小说],爱美的臭鱼,04-04,连载
地煞七十二变,https://www.quanben.net//279/279732/,[武侠小说],祭酒,04-03,连载
霸占诸天,https://www.quanben.net//109/109618/,[武侠小说],无丝竹之乱耳,04-03,连载
神剑笑,https://www.quanben.net//281/281123/,[武侠小说],凌楚殇,04-03,连载
平天策,https://www.quanben.net//93/93270/,[武侠小说],无罪,04-03,连载
地球第一剑,https://www.quanben.net//258/258824/,[武侠小说],言归正传,04-03,连载
神话之末,https://www.quanben.net//26/26503/,[武侠小说],龙合,04-03,连载
坐忘长生,https://www.quanben.net//21/21719/,[武侠小说],飞翔的黎哥,04-03,连载
太上镜之映照诸天,https://www.quanben.net//286/286510/,[武侠小说],广白道年公子,04-03,连载
我能无限升级阵法,https://www.quanben.net//288/288588/,[武侠小说],一只青鸟,04-02,连载
史上最强天秀,https://www.quanben.net//260/260250/,[武侠小说],醉上空城,04-02,连载
第一斩妖师,https://www.quanben.net//285/285867/,[武侠小说],半城小卖部,04-02,连载
剑岚传,https://www.quanben.net//214/214519/,[武侠小说],顾寻常,04-02,连载
万法无咎,https://www.quanben.net//275/275169/,[武侠小说],巡山校尉,04-02,连载
霸王之姿,https://www.quanben.net//148/148210/,[武侠小说],独孤老道,04-01,连载
悠闲修仙人生,https://www.quanben.net//277/277291/,[武侠小说],咸鱼pjc,04-01,连载
混元天书,https://www.quanben.net//278/278098/,[武侠小说],第九圣,04-01,连载
六扇门之剑指江湖,https://www.quanben.net//272/272769/,[武侠小说],武小墨,04-01,连载
带着美女去修仙,https://www.quanben.net//16/16412/,[武侠小说],浪漫爱人,04-01,连载
冥河传承,https://www.quanben.net//168/168284/,[武侠小说],水平面,03-31,连载
我有一间茅草屋,https://www.quanben.net//278/278262/,[武侠小说],流星醉寂寞,03-31,连载
混在九叔世界的武修,https://www.quanben.net//286/286939/,[武侠小说],太肥太胖,03-31,连载
我真是巨侠,https://www.quanben.net//288/288080/,[武侠小说],望断书海,03-30,连载
九龙吞珠,https://www.quanben.net//279/279192/,[武侠小说],齐家七哥,03-30,连载
西游土地爷,https://www.quanben.net//275/275421/,[武侠小说],墨夜001,03-30,连载
仙武降世,https://www.quanben.net//288/288187/,[武侠小说],大隐氏,03-30,连载
十绝山,https://www.quanben.net//236/236968/,[武侠小说],沙漠老胡杨,03-29,连载
都市之少年仙尊,https://www.quanben.net//75/75972/,[武侠小说],梦朝南,03-29,连载
神道复苏,https://www.quanben.net//252/252376/,[武侠小说],神秘道人,03-28,连载
洪荒之太冥,https://www.quanben.net//273/273435/,[武侠小说],山海小闲人,03-27,连载
武林神话系统,https://www.quanben.net//277/277682/,[武侠小说],灵鹫点灯,03-27,连载
继往余生,https://www.quanben.net//262/262690/,[武侠小说],左边佑转,03-27,连载
神木刀,https://www.quanben.net//288/288868/,[武侠小说],远古神木,03-26,连载
武侠之最强神捕,https://www.quanben.net//274/274137/,[武侠小说],阳关道001,03-25,连载
向天记,https://www.quanben.net//43/43709/,[武侠小说],说故事的星星,03-25,连载
长生大秦,https://www.quanben.net//272/272653/,[武侠小说],剑气书香,03-25,连载
我有无数神剑,https://www.quanben.net//283/283336/,[武侠小说],需要梦想,03-24,连载
我有无数神剑,https://www.quanben.net//273/273851/,[武侠小说],任我笑,03-24,连载
九劫散仙重生都市,https://www.quanben.net//145/145066/,[武侠小说],永不沉沦,03-24,连载
封神新说,https://www.quanben.net//286/286116/,[武侠小说],山间幽步,03-24,连载
超级武神,https://www.quanben.net//274/274495/,[武侠小说],语成,03-23,连载
玉虚神剑,https://www.quanben.net//162/162238/,[武侠小说],渐芯,03-23,连载
绝妙江山,https://www.quanben.net//252/252068/,[武侠小说],鄢速.CS,03-23,连载
九连山庄,https://www.quanben.net//208/208184/,[武侠小说],震天府主,03-23,连载
我从天上来,https://www.quanben.net//154/154860/,[武侠小说],南朝陈,03-23,连载
大妖猴,https://www.quanben.net//163/163205/,[武侠小说],甲鱼不是龟,03-23,连载
幻界仙途,https://www.quanben.net//273/273482/,[武侠小说],沙荷四对,03-22,连载
洪荒青松道,https://www.quanben.net//285/285430/,[武侠小说],杨六爷,03-20,连载
白蛇再起,https://www.quanben.net//276/276910/,[武侠小说],北斗天涯,03-20,连载
诸天武道从武当开始,https://www.quanben.net//253/253674/,[武侠小说],食盒,03-19,连载
洪荒之逆天妖帝,https://www.quanben.net//147/147385/,[武侠小说],神仙爱凡尘,03-19,连载
全球首富,https://www.quanben.net//280/280537/,[武侠小说],秦明李梦,03-19,连载
寒天帝,https://www.quanben.net//22/22162/,[武侠小说],烽仙,03-18,连载
万灵城主,https://www.quanben.net//280/280781/,[武侠小说],莫麻公子,03-18,连载
峨眉祖师,https://www.quanben.net//111/111385/,[武侠小说],油炸咸鱼,03-17,连载
洪荒之证道永生,https://www.quanben.net//276/276192/,[武侠小说],君主制,03-17,连载
体修之祖,https://www.quanben.net//24/24306/,[武侠小说],石木,03-16,连载
赘婿无双,https://www.quanben.net//284/284189/,[武侠小说],向阳的心,03-16,连载
从华山到诸天,https://www.quanben.net//288/288545/,[武侠小说],柳夜刀,03-16,连载
僵尸邪皇,https://www.quanben.net//273/273099/,[武侠小说],拼命的牛,03-16,连载
太丘之上,https://www.quanben.net//280/280095/,[武侠小说],婆罗众生相,03-16,连载
万古界圣,https://www.quanben.net//273/273468/,[武侠小说],离殇断肠,03-16,连载
混迹江湖开客栈,https://www.quanben.net//278/278548/,[武侠小说],周八更,03-15,连载
凡途归真之紫琊传,https://www.quanben.net//274/274443/,[武侠小说],心中的城,03-15,连载
如来必须死,https://www.quanben.net//277/277175/,[武侠小说],鸟云,03-15,连载
仙界黑客,https://www.quanben.net//285/285384/,[武侠小说],有熊氏,03-14,连载
丹师剑宗,https://www.quanben.net//278/278467/,[武侠小说],伯爵,03-13,连载
九天仙缘,https://www.quanben.net//20/20212/,[武侠小说],晨风沧岳,03-13,连载
洪荒之红云大道,https://www.quanben.net//80/80796/,[武侠小说],无量小光,03-13,连载
法象仙途,https://www.quanben.net//279/279625/,[武侠小说],我是宅子,03-13,连载
世蹉跎兮自逍遥,https://www.quanben.net//280/280990/,[武侠小说],祢处士,03-12,连载
神通渡世,https://www.quanben.net//117/117506/,[武侠小说],小僧湛然,03-12,连载
修仙靠舔盒,https://www.quanben.net//272/272763/,[武侠小说],九幺瓜子,03-11,连载
无上仙葫,https://www.quanben.net//285/285894/,[武侠小说],六月冬至,03-11,连载
妖灵至上,https://www.quanben.net//289/289525/,[武侠小说],半世清白,03-11,连载
洪荒问道行,https://www.quanben.net//278/278559/,[武侠小说],小主神,03-11,连载
洪荒我有一道传送门,https://www.quanben.net//286/286553/,[武侠小说],花开叶落无归,03-11,连载
江湖轶事收集系统,https://www.quanben.net//287/287997/,[武侠小说],少年阿余,03-11,连载
我在修仙世界当掌门,https://www.quanben.net//288/288416/,[武侠小说],苦大且仇深,03-11,连载
仙武之三国群雄,https://www.quanben.net//285/285440/,[武侠小说],百步御剑圣,03-11,连载
阎浮记,https://www.quanben.net//288/288392/,[武侠小说],老牛在天上飞,03-11,连载
日常系男神,https://www.quanben.net//286/286489/,[武侠小说],五陵,03-11,连载
楼兰刀客,https://www.quanben.net//283/283521/,[武侠小说],安静写作业,03-11,连载
某光头的江湖（一拳万界）,https://www.quanben.net//288/288154/,[武侠小说],闲人不二,03-11,连载
叶余人生,https://www.quanben.net//283/283410/,[武侠小说],九公子阿耐,03-11,连载
一品修仙,https://www.quanben.net//127/127335/,[武侠小说],不放心油条,03-11,连载
妖徒之旅,https://www.quanben.net//283/283528/,[武侠小说],妖言先森,03-10,连载
玄海萍客游,https://www.quanben.net//281/281042/,[武侠小说],半宅男,03-10,连载
三圣石,https://www.quanben.net//280/280900/,[武侠小说],小米飞,03-10,连载
校花的无敌兵王,https://www.quanben.net//274/274511/,[武侠小说],衍聪,03-10,连载
万界仙帝,https://www.quanben.net//278/278585/,[武侠小说],山上梧桐,03-10,连载
洪荒之准提问道,https://www.quanben.net//278/278503/,[武侠小说],万山过客,03-10,连载
极品大散仙,https://www.quanben.net//278/278306/,[武侠小说],叨狼,03-10,连载
寒门仙贵,https://www.quanben.net//278/278282/,[武侠小说],蓝白阁,03-10,连载
都市之万界神主奶爸,https://www.quanben.net//277/277119/,[武侠小说],绝对大神本尊,03-10,连载
在仙侠世界拍电影,https://www.quanben.net//264/264876/,[武侠小说],味道懵懵的,03-10,连载
道士三千未见佛,https://www.quanben.net//281/281019/,[武侠小说],谪隐,03-10,连载
聊斋之种道,https://www.quanben.net//265/265444/,[武侠小说],咆哮的巨熊,03-10,连载
诸天封神录,https://www.quanben.net//264/264874/,[武侠小说],渝州清隐,03-10,连载
截教次徒,https://www.quanben.net//274/274002/,[武侠小说],戏说呓语,03-10,连载
剧情制造者,https://www.quanben.net//290/290210/,[武侠小说],清风扶醉月,03-10,连载
都市之天生扫把星,https://www.quanben.net//263/263679/,[武侠小说],风雪寒漠,03-10,连载
捡到鸿钧道祖的手机,https://www.quanben.net//263/263377/,[武侠小说],盼大雄,03-10,连载
天降媳妇姐姐,https://www.quanben.net//277/277470/,[武侠小说],塑料壳,03-10,连载
仙尊归来当奶爸,https://www.quanben.net//277/277683/,[武侠小说],浮白三秋,03-10,连载
剑仙请留步,https://www.quanben.net//261/261358/,[武侠小说],神叹,03-10,连载
我来此世开神道,https://www.quanben.net//273/273076/,[武侠小说],亚洲猛男.QD,03-10,连载
仙道贵胄,https://www.quanben.net//276/276014/,[武侠小说],长歌小琴太,03-10,连载
渡血刃,https://www.quanben.net//260/260057/,[武侠小说],Mr熙,03-10,连载
最强神话之王,https://www.quanben.net//290/290207/,[武侠小说],李拾遗,03-10,连载
冒牌宗师,https://www.quanben.net//258/258867/,[武侠小说],心如磐石,03-10,连载
都市至尊奶爸,https://www.quanben.net//253/253263/,[武侠小说],余生逍遥,03-10,连载
万能回收系统,https://www.quanben.net//242/242399/,[武侠小说],原来很天真,03-10,连载
我成了灵宝,https://www.quanben.net//277/277924/,[武侠小说],闻道苍生,03-10,连载
承天圣纪,https://www.quanben.net//290/290177/,[武侠小说],江雪神刀,03-10,连载
惟一世界,https://www.quanben.net//290/290173/,[武侠小说],把酒迎风,03-10,连载
创世洪荒诀,https://www.quanben.net//255/255508/,[武侠小说],荒诞的无赖,03-10,连载
杀人神话,https://www.quanben.net//274/274127/,[武侠小说],乌鸦的马甲,03-10,连载
修仙从疯人院开始,https://www.quanben.net//282/282936/,[武侠小说],喂你话梅,03-10,连载
我真是匪二代,https://www.quanben.net//282/282933/,[武侠小说],小米熬汤,03-10,连载
修仙归来之绝代仙君,https://www.quanben.net//238/238630/,[武侠小说],天才哥,03-10,连载
我秦始皇你惹不起,https://www.quanben.net//246/246856/,[武侠小说],诸神笑,03-10,连载
大日道祖,https://www.quanben.net//245/245077/,[武侠小说],黑色熊猫,03-10,连载
大侠上位,https://www.quanben.net//282/282929/,[武侠小说],星海666,03-10,连载
大千长歌,https://www.quanben.net//282/282928/,[武侠小说],沧海1993,03-10,连载
我本大圣,https://www.quanben.net//282/282924/,[武侠小说],灵山王,03-10,连载
反派都想打死我,https://www.quanben.net//238/238759/,[武侠小说],骗人,03-10,连载
洪荒之神龟,https://www.quanben.net//235/235532/,[武侠小说],一而再而三,03-10,连载
吾皇万岁,https://www.quanben.net//282/282733/,[武侠小说],龙鳞道,03-10,连载
都市之地狱之主（都市之超品医神）,https://www.quanben.net//282/282704/,[武侠小说],天穹之上,03-10,连载
诸天之最强主宰,https://www.quanben.net//215/215661/,[武侠小说],三九之末,03-10,连载
过龙门,https://www.quanben.net//236/236339/,[武侠小说],长桴,03-10,连载
梦尊三界,https://www.quanben.net//290/290162/,[武侠小说],十三菜鸟,03-10,连载
三尺剑气长,https://www.quanben.net//204/204209/,[武侠小说],一剑挽清风,03-10,连载
重生之天下为棋,https://www.quanben.net//155/155276/,[武侠小说],张玉衡,03-10,连载
石全十美,https://www.quanben.net//282/282873/,[武侠小说],奔跑的象,03-10,连载
妖灵狂潮,https://www.quanben.net//236/236298/,[武侠小说],来不及忧伤,03-10,连载
修行高手在都市,https://www.quanben.net//282/282876/,[武侠小说],神秘男人,03-10,连载
开挂吃鸡侠,https://www.quanben.net//206/206097/,[武侠小说],巨情,03-10,连载
系统创始人,https://www.quanben.net//235/235675/,[武侠小说],良心,03-10,连载
武将行,https://www.quanben.net//288/288365/,[武侠小说],洗洗就睡丶,03-10,连载
西游之盖世巨妖,https://www.quanben.net//208/208594/,[武侠小说],乾元子,03-10,连载
弈刃,https://www.quanben.net//288/288364/,[武侠小说],风蚀轩,03-10,连载
史上最强河神,https://www.quanben.net//288/288357/,[武侠小说],死海中的咸鱼,03-10,连载
仙武之无限小兵,https://www.quanben.net//202/202670/,[武侠小说],秋霜落,03-10,连载
我的108套天道秘籍,https://www.quanben.net//282/282858/,[武侠小说],林跖,03-10,连载
神灵狩猎计划,https://www.quanben.net//236/236077/,[武侠小说],沁纸花青,03-10,连载
先砍一刀,https://www.quanben.net//274/274260/,[武侠小说],面目全黑,03-10,连载
末日之武道守护,https://www.quanben.net//197/197332/,[武侠小说],小楊刚,03-10,连载
民国之谜图武探,https://www.quanben.net//220/220266/,[武侠小说],尼西贝宝,03-10,连载
冥河钧天,https://www.quanben.net//282/282836/,[武侠小说],小小太史,03-10,连载
无极祖师,https://www.quanben.net//288/288334/,[武侠小说],柳中疏,03-10,连载
藏冰,https://www.quanben.net//277/277343/,[武侠小说],周至雪,03-10,连载
抱剑,https://www.quanben.net//195/195649/,[武侠小说],梦入秋水,03-10,连载
山海禹皇记,https://www.quanben.net//275/275932/,[武侠小说],妖火,03-10,连载
修真天王,https://www.quanben.net//290/290160/,[武侠小说],猫抓老薯,03-10,连载
诸神共主,https://www.quanben.net//277/277360/,[武侠小说],冠渊,03-10,连载
梦道寻仙,https://www.quanben.net//282/282826/,[武侠小说],越淋漓,03-10,连载
天都赋,https://www.quanben.net//278/278703/,[武侠小说],纳楼兰,03-10,连载
帝师,https://www.quanben.net//273/273820/,[武侠小说],南宫吟,03-10,连载
豢养人类,https://www.quanben.net//212/212269/,[武侠小说],迦太基的失落,03-10,连载
都市之万界帝尊,https://www.quanben.net//197/197003/,[武侠小说],北汉国主,03-10,连载
重生之最强武侠系统,https://www.quanben.net//188/188425/,[武侠小说],发卡量甘氨酸,03-10,连载
无限仙钓,https://www.quanben.net//288/288325/,[武侠小说],风天下.,03-10,连载
逆命魔主,https://www.quanben.net//207/207605/,[武侠小说],陈森然的右手,03-10,连载
洪荒之时空道祖,https://www.quanben.net//193/193451/,[武侠小说],渝州清隐,03-10,连载
这里有仙女,https://www.quanben.net//190/190377/,[武侠小说],潮头,03-10,连载
唯剑永尊,https://www.quanben.net//275/275400/,[武侠小说],东方帝暝,03-10,连载
奇葩武徒,https://www.quanben.net//288/288314/,[武侠小说],易然雪,03-10,连载
超级神仙召唤系统,https://www.quanben.net//194/194713/,[武侠小说],欢歌流年,03-10,连载
我有一刀在手,https://www.quanben.net//197/197673/,[武侠小说],大变脸,03-10,连载
人皇天子,https://www.quanben.net//197/197707/,[武侠小说],熊二先生,03-10,连载
少年安,https://www.quanben.net//172/172534/,[武侠小说],我的黑眼圈,03-10,连载
反派修仙系统,https://www.quanben.net//288/288309/,[武侠小说],我是烟雨,03-10,连载
剑武同修,https://www.quanben.net//156/156757/,[武侠小说],煎雀,03-10,连载
神话原生种,https://www.quanben.net//189/189818/,[武侠小说],废纸桥,03-10,连载
宝贝，请转身,https://www.quanben.net//188/188809/,[武侠小说],吾为清风,03-10,连载
奶爸的异界神庙,https://www.quanben.net//186/186963/,[武侠小说],鹰扬郎将,03-10,连载
都市重生之修仙系统,https://www.quanben.net//179/179582/,[武侠小说],请你吃雪茄,03-10,连载
魔武永生,https://www.quanben.net//186/186713/,[武侠小说],天缘仝堡,03-10,连载
最强之王者系统,https://www.quanben.net//31/31250/,[武侠小说],响彻的静谧,03-10,连载
行走诸天的道人,https://www.quanben.net//141/141271/,[武侠小说],清风仙长,03-09,连载
最强升级,https://www.quanben.net//275/275895/,[武侠小说],庄十三,03-09,连载
仙域天尊,https://www.quanben.net//26/26859/,[武侠小说],金玉,03-09,连载
紫云青峰录,https://www.quanben.net//288/288198/,[武侠小说],白衣染墨,03-09,连载
洪荒之太一大道,https://www.quanben.net//162/162478/,[武侠小说],无量小光,03-09,连载
九天道祖,https://www.quanben.net//163/163811/,[武侠小说],范西屏,03-09,连载
重生都市至尊,https://www.quanben.net//35/35695/,[武侠小说],临霄,03-09,连载
大仙官,https://www.quanben.net//159/159244/,[武侠小说],暗黑茄子,03-09,连载
锦衣武皇,https://www.quanben.net//163/163468/,[武侠小说],卅一藏刀,03-09,连载
万界修仙传,https://www.quanben.net//135/135314/,[武侠小说],琴梦语,03-09,连载
我老婆是重生大BOSS,https://www.quanben.net//145/145566/,[武侠小说],奈何笑忘川,03-09,连载
成为新世界的神,https://www.quanben.net//282/282399/,[武侠小说],漫玩,03-09,连载
大周第一太监,https://www.quanben.net//165/165756/,[武侠小说],风许流年,03-09,连载
江流万界,https://www.quanben.net//290/290141/,[武侠小说],白衣叹青山,03-09,连载
西厂,https://www.quanben.net//214/214345/,[武侠小说],一阶文士,03-09,连载
万妖帝主,https://www.quanben.net//180/180534/,[武侠小说],任我笑,03-09,连载
炼器真仙,https://www.quanben.net//80/80462/,[武侠小说],暗黑茄子,03-09,连载
浪迹在诸天,https://www.quanben.net//83/83389/,[武侠小说],巴下客,03-09,连载
我欲封天,https://www.quanben.net//5/5132/,[武侠小说],耳根,03-09,完结
仙逆,https://www.quanben.net//0/66/,[武侠小说],耳根,03-09,完结
飞剑问道,https://www.quanben.net//89/89974/,[武侠小说],我吃西红柿,03-09,完结
河神崛起,https://www.quanben.net//290/290136/,[武侠小说],以身炼剑,03-09,连载
游仙异闻录,https://www.quanben.net//286/286554/,[武侠小说],泠州,03-08,连载
大道本心,https://www.quanben.net//290/290008/,[武侠小说],丹云子,03-08,连载
武侠BOSS之路,https://www.quanben.net//277/277816/,[武侠小说],衔雨,03-07,连载
风行录之风将起,https://www.quanben.net//249/249627/,[武侠小说],风行飘缈,03-07,连载
剑起兮,https://www.quanben.net//278/278187/,[武侠小说],昨夜一响贪欢,03-07,连载
非凡洪荒,https://www.quanben.net//7/7499/,[武侠小说],我自非凡,03-07,连载
都市之万界至尊,https://www.quanben.net//80/80649/,[武侠小说],之不道,03-06,连载
雍杰传奇,https://www.quanben.net//281/281023/,[武侠小说],司徒少雄,03-05,连载
修真模拟器,https://www.quanben.net//274/274484/,[武侠小说],中华牌香烟,03-05,连载
证道诸天之道尊,https://www.quanben.net//275/275394/,[武侠小说],三喵道尊,03-04,连载
洪荒之我在西游签到,https://www.quanben.net//289/289603/,[武侠小说],签到成神,03-04,连载
某光头的江湖,https://www.quanben.net//282/282542/,[武侠小说],闲人不二,03-04,连载
华山武圣,https://www.quanben.net//273/273752/,[武侠小说],北郭茶博士,03-04,连载
我在人间杀神仙,https://www.quanben.net//285/285836/,[武侠小说],言不说,03-04,连载
吾皇，万岁,https://www.quanben.net//235/235714/,[武侠小说],龙鳞道,03-04,连载
我命清风赊酒来,https://www.quanben.net//277/277557/,[武侠小说],我自听花,03-03,连载
丈六金身,https://www.quanben.net//6/6395/,[武侠小说],吾心飞扬,03-03,连载
我能借用身体练功,https://www.quanben.net//286/286583/,[武侠小说],李不清白,03-03,连载
重生之祸害江湖,https://www.quanben.net//141/141675/,[武侠小说],九连华,03-02,连载
拜拜九叔,https://www.quanben.net//287/287985/,[武侠小说],自由无敌,03-02,连载
凡人修仙之仙界篇,https://www.quanben.net//104/104942/,[武侠小说],忘语,03-02,连载
修真得大道,https://www.quanben.net//289/289031/,[武侠小说],清静无忧,03-01,连载
逆刀风云,https://www.quanben.net//186/186030/,[武侠小说],乌梁海,03-01,连载
刃之间,https://www.quanben.net//286/286487/,[武侠小说],淡域栖,02-29,连载
万界最强复仇者,https://www.quanben.net//286/286030/,[武侠小说],狼风无痕,02-29,连载
西游之取经算我输,https://www.quanben.net//272/272755/,[武侠小说],银鱼鸡蛋,02-29,连载
不合格的大魔王,https://www.quanben.net//277/277995/,[武侠小说],一梦黄粱,02-29,连载
一剑长安,https://www.quanben.net//216/216240/,[武侠小说],嘉图李的猫,02-28,连载
都市之魔帝奶爸,https://www.quanben.net//277/277211/,[武侠小说],三角田七,02-28,连载
继承了一个道观,https://www.quanben.net//288/288223/,[武侠小说],野鹤归云,02-28,连载
重生之独步江湖,https://www.quanben.net//275/275450/,[武侠小说],白驹易逝,02-27,连载
太极高手在未来,https://www.quanben.net//46/46377/,[武侠小说],梅生晓月,02-27,连载
执剑三分,https://www.quanben.net//288/288873/,[武侠小说],笔落青花,02-26,连载
帝火丹王,https://www.quanben.net//27/27392/,[武侠小说],平凡心,02-25,连载
妖娆毒仙,https://www.quanben.net//14/14000/,[武侠小说],傲月暖颜,02-25,连载
天命殓师,https://www.quanben.net//22/22693/,[武侠小说],离权,02-24,连载
道一有扇众妙门,https://www.quanben.net//288/288023/,[武侠小说],三喵道尊,02-24,连载
离天大圣,https://www.quanben.net//273/273849/,[武侠小说],神秘男人,02-24,连载
屠魔工业,https://www.quanben.net//146/146497/,[武侠小说],酒杯中的胖子,02-24,连载
长生种劫,https://www.quanben.net//289/289567/,[武侠小说],沙眸,02-24,连载
医女有言：古神大腿不好抱,https://www.quanben.net//282/282178/,[武侠小说],似无衣,02-23,连载
寒门士子传,https://www.quanben.net//280/280824/,[武侠小说],连天向,02-22,连载
极道御灵小仙尊,https://www.quanben.net//288/288967/,[武侠小说],岚灵西,02-22,连载
与凰说,https://www.quanben.net//286/286006/,[武侠小说],鸾鸣苍穹,02-21,连载
青梅仙道,https://www.quanben.net//236/236211/,[武侠小说],乌泥,02-20,连载
巫中仙,https://www.quanben.net//277/277735/,[武侠小说],雪满林中,02-20,连载
大创神,https://www.quanben.net//274/274922/,[武侠小说],消失的封杀,02-19,连载
我和血族公主有个约会,https://www.quanben.net//288/288463/,[武侠小说],浛央,02-18,连载
逆行神话,https://www.quanben.net//277/277999/,[武侠小说],西城冷月,02-17,连载
神洲幻世行,https://www.quanben.net//121/121832/,[武侠小说],笔下演春秋,02-17,连载
形意通天,https://www.quanben.net//289/289507/,[武侠小说],上林春,02-17,连载
我是洪荒第一人,https://www.quanben.net//260/260803/,[武侠小说],空中云舒云卷,02-15,连载
剑上九重天,https://www.quanben.net//289/289534/,[武侠小说],圣人元牧,02-15,连载
我的空间有点坑,https://www.quanben.net//286/286020/,[武侠小说],林清泉,02-15,连载
师尊又去作妖了,https://www.quanben.net//286/286161/,[武侠小说],云上之景,02-15,连载
师尊我要抱你大腿,https://www.quanben.net//286/286092/,[武侠小说],染行,02-15,连载
仙缘福泽农家女,https://www.quanben.net//289/289002/,[武侠小说],橙儿公子,02-15,连载
栖梧潸潸映弦月,https://www.quanben.net//285/285728/,[武侠小说],我是白泡泡,02-15,连载
散修陆三通,https://www.quanben.net//289/289022/,[武侠小说],鬓蝉青,02-14,连载
这个修士很危险,https://www.quanben.net//260/260164/,[武侠小说],想见江南,02-14,连载
修真万年归来,https://www.quanben.net//277/277497/,[武侠小说],缸里有米,02-14,连载
人间最得意,https://www.quanben.net//194/194716/,[武侠小说],平生未知寒,02-14,连载
佛系主播在线修仙,https://www.quanben.net//286/286375/,[武侠小说],我会吃饭呢,02-13,连载
最强反套路系统,https://www.quanben.net//82/82570/,[武侠小说],太上布衣,02-13,连载
正版修仙,https://www.quanben.net//163/163472/,[武侠小说],叶恨水,02-12,连载
武侠世界侠客行,https://www.quanben.net//163/163430/,[武侠小说],大江入海,02-12,连载
绝世坑师系统,https://www.quanben.net//288/288219/,[武侠小说],神秘道人,02-12,连载
太上镜之映照诸天,https://www.quanben.net//283/283883/,[武侠小说],广白道公子,02-12,连载
横扫大千,https://www.quanben.net//260/260796/,[武侠小说],陈洁南,02-11,连载
天宗之弱水三千,https://www.quanben.net//286/286407/,[武侠小说],否极君,02-11,连载
神棍在上：妖妃不好惹,https://www.quanben.net//258/258395/,[武侠小说],顾青如,02-11,连载
系统之三眼无赖,https://www.quanben.net//288/288698/,[武侠小说],牙儿关,02-10,连载
最强武林盟主,https://www.quanben.net//283/283934/,[武侠小说],秦宇寒,02-09,连载
情剑风云诀之神琴魔剑,https://www.quanben.net//215/215606/,[武侠小说],南北隐士,02-09,连载
蝴蝶刺客,https://www.quanben.net//273/273541/,[武侠小说],小蝴蝶亲,02-08,连载
唐僧做饭有属性,https://www.quanben.net//286/286566/,[武侠小说],麻老斧,02-08,连载
刀道途,https://www.quanben.net//288/288727/,[武侠小说],道蒙,02-07,连载
七星录之鸿蒙剑,https://www.quanben.net//288/288241/,[武侠小说],倚剑吹雪,02-07,连载
穿越民国变成蟒,https://www.quanben.net//288/288224/,[武侠小说],千年老苟,02-07,连载
炼尽乾坤,https://www.quanben.net//16/16687/,[武侠小说],土豆烧鸭,02-06,连载
女配修仙日常,https://www.quanben.net//288/288943/,[武侠小说],单纯的小姐姐,02-05,连载
修神御剑诀,https://www.quanben.net//285/285799/,[武侠小说],夜冷心,02-05,连载
汉天子,https://www.quanben.net//276/276472/,[武侠小说],六道,02-04,连载
黄庭真仙,https://www.quanben.net//288/288209/,[武侠小说],宗辰,02-03,连载
书咄咄且休休，苒苒物华休,https://www.quanben.net//265/265536/,[武侠小说],孟灵筠,02-03,连载
仙侠奇缘之献天缘,https://www.quanben.net//288/288888/,[武侠小说],青云陆离,02-02,连载
仙路之殇,https://www.quanben.net//274/274847/,[武侠小说],慕玲ai,02-02,连载
涅槃重生之青鸾传,https://www.quanben.net//286/286025/,[武侠小说],贯虹,02-02,连载
败尽天下英雄,https://www.quanben.net//35/35067/,[武侠小说],裴焜尧,02-02,连载
大道清理计划,https://www.quanben.net//274/274394/,[武侠小说],醉剑聆风,02-02,连载
仙帝奶爸你惹不起,https://www.quanben.net//277/277390/,[武侠小说],五等分的花嫁,01-31,连载
穿越有点早,https://www.quanben.net//287/287482/,[武侠小说],途虎0,01-31,连载
江湖之谁解谜局,https://www.quanben.net//283/283881/,[武侠小说],江云梦飞,01-31,连载
少侠请开恩,https://www.quanben.net//281/281524/,[武侠小说],青草朦胧,01-31,连载
异聊斋,https://www.quanben.net//288/288147/,[武侠小说],刘念白,01-31,连载
神偷问道,https://www.quanben.net//24/24431/,[武侠小说],袁三改,01-30,连载
用网游打开西游记,https://www.quanben.net//287/287992/,[武侠小说],不败之心,01-29,连载
巨恶,https://www.quanben.net//239/239699/,[武侠小说],风也对我诉说,01-29,连载
剑魔志之虎啸山庄篇,https://www.quanben.net//280/280739/,[武侠小说],恰如荒丘卧虎,01-29,连载
魔躯下的少年,https://www.quanben.net//289/289032/,[武侠小说],昌贫皆笑,01-29,连载
诛邪屠龙记,https://www.quanben.net//288/288831/,[武侠小说],今柯,01-29,连载
水月国师,https://www.quanben.net//286/286352/,[武侠小说],月出天子,01-28,连载
黑天之力,https://www.quanben.net//288/288239/,[武侠小说],司徒少雄,01-28,连载
花倾天下之我不是妖神,https://www.quanben.net//286/286303/,[武侠小说],梨花倩影,01-28,连载
浔昑记,https://www.quanben.net//286/286398/,[武侠小说],初九潇潇,01-28,连载
仙吟之尸仙,https://www.quanben.net//278/278886/,[武侠小说],贫道醉日,01-27,连载
我家仙君甜又暖,https://www.quanben.net//286/286110/,[武侠小说],一叶归云,01-27,连载
剑啸风吟,https://www.quanben.net//215/215198/,[武侠小说],弦落,01-26,连载
魔君帝王之天玄问情,https://www.quanben.net//288/288880/,[武侠小说],森林舞,01-26,连载
洪荒之掌御诸天,https://www.quanben.net//280/280825/,[武侠小说],极品菠萝,01-26,连载
横扫大千,https://www.quanben.net//260/260064/,[武侠小说],两只陈洁南,01-25,连载
重生现代之都市修仙,https://www.quanben.net//200/200793/,[武侠小说],五号天,01-24,连载
缥缈寻仙路,https://www.quanben.net//277/277643/,[武侠小说],万一道长,01-24,连载
烟云剑雨,https://www.quanben.net//288/288753/,[武侠小说],暮寰,01-24,连载
从砰砰砰砰开始,https://www.quanben.net//277/277238/,[武侠小说],逍写,01-24,连载
擎天仙路,https://www.quanben.net//25/25743/,[武侠小说],飘铃,01-23,连载
完美遮仙,https://www.quanben.net//16/16911/,[武侠小说],唯愿紫叶,01-22,连载
道门法则,https://www.quanben.net//6/6464/,[武侠小说],八宝饭,01-21,连载
我有一座武学数据库,https://www.quanben.net//288/288733/,[武侠小说],有丑,01-21,连载
鬼道亦通天,https://www.quanben.net//288/288685/,[武侠小说],虚心的小白,01-21,连载
百炼飞升录,https://www.quanben.net//6/6399/,[武侠小说],虚眞,01-21,连载
穿越大封神,https://www.quanben.net//118/118202/,[武侠小说],木子浮生,01-19,连载
炼丹狂潮,https://www.quanben.net//277/277824/,[武侠小说],网络黑侠,01-19,连载
惟吾逍遥,https://www.quanben.net//225/225480/,[武侠小说],微斯人也,01-19,连载
五行御天,https://www.quanben.net//92/92854/,[武侠小说],士兵乙,01-18,连载
道吟,https://www.quanben.net//44/44813/,[武侠小说],守着猫睡觉的鱼,01-17,连载
仙斋鬼话,https://www.quanben.net//236/236332/,[武侠小说],鬼雨,01-17,连载
西游大妖王,https://www.quanben.net//29/29250/,[武侠小说],天涯远客,01-17,连载
都市之无敌仙尊,https://www.quanben.net//282/282108/,[武侠小说],梦朝南,01-16,连载
凡人修仙之仙界篇（凡人修仙传仙界篇）,https://www.quanben.net//281/281362/,[武侠小说],忘语,01-15,连载
帝国武宗,https://www.quanben.net//288/288620/,[武侠小说],落花生流水,01-14,连载
我在仙界当首富,https://www.quanben.net//288/288599/,[武侠小说],小话西游贰,01-14,连载
开宗之路,https://www.quanben.net//288/288595/,[武侠小说],默虎,01-14,连载
祖传无尽仙灵矿,https://www.quanben.net//288/288591/,[武侠小说],弓山月,01-14,连载
扶剑朝天去,https://www.quanben.net//288/288569/,[武侠小说],青茶旧,01-14,连载
剑出峨眉,https://www.quanben.net//288/288548/,[武侠小说],你抓不到我,01-14,连载
汉末之独步江湖,https://www.quanben.net//288/288536/,[武侠小说],道散炁生,01-14,连载
城隍驾到,https://www.quanben.net//288/288492/,[武侠小说],旁墨,01-14,连载
天女有毒,https://www.quanben.net//228/228884/,[武侠小说],唐优优,01-13,连载
问道红尘,https://www.quanben.net//280/280976/,[武侠小说],姬叉,01-13,连载
大牛魔王,https://www.quanben.net//216/216611/,[武侠小说],周文妖,01-12,连载
白袍小武僧,https://www.quanben.net//23/23398/,[武侠小说],如自在.QD,01-12,连载
重生之带娃修仙,https://www.quanben.net//235/235807/,[武侠小说],古城夜雨,01-12,连载
我有一个仙魔群,https://www.quanben.net//277/277510/,[武侠小说],一步沧桑,01-12,连载
拳往,https://www.quanben.net//273/273770/,[武侠小说],中二大叔,01-12,连载
重生之大圣传说,https://www.quanben.net//285/285838/,[武侠小说],清霜居士,01-11,连载
武侠诸天行,https://www.quanben.net//281/281964/,[武侠小说],语漫说,01-11,连载
无上丹尊,https://www.quanben.net//277/277748/,[武侠小说],梦醒泪殇,01-10,连载
天机剑曲,https://www.quanben.net//95/95759/,[武侠小说],昆仑子玉,01-09,连载
剑神酒祖,https://www.quanben.net//274/274081/,[武侠小说],分身斧,01-09,连载
神话版三国,https://www.quanben.net//6/6879/,[武侠小说],坟土荒草,01-08,连载
武侠升维,https://www.quanben.net//283/283317/,[武侠小说],呓梦痴人,01-08,连载
柔情似水之武侠,https://www.quanben.net//288/288455/,[武侠小说],木士,01-08,连载
道主传说,https://www.quanben.net//23/23088/,[武侠小说],无恒梦.QD,01-08,连载
道门奇事,https://www.quanben.net//288/288454/,[武侠小说],名叫教主,01-08,连载
万界飞仙,https://www.quanben.net//10/10642/,[武侠小说],霸蓝颜,01-08,完结
执魔,https://www.quanben.net//5/5398/,[武侠小说],我是墨水,01-08,连载
西游封神,https://www.quanben.net//288/288447/,[武侠小说],九命狂猫,01-08,连载
超级腰带,https://www.quanben.net//288/288445/,[武侠小说],缺少按键,01-08,完结
异世之混元大道,https://www.quanben.net//288/288442/,[武侠小说],颜青衣,01-08,完结
在妖魔战国当狗的日子,https://www.quanben.net//286/286949/,[武侠小说],鸭腿炒饭,01-08,连载
寻龙迷踪,https://www.quanben.net//283/283066/,[武侠小说],唐家太公,01-08,连载
锈心剑,https://www.quanben.net//274/274012/,[武侠小说],神仙客,01-08,连载
小僧开挂了,https://www.quanben.net//283/283332/,[武侠小说],古休,01-08,连载
泪女仙,https://www.quanben.net//226/226186/,[武侠小说],风中绿水,01-07,连载
六神周艺,https://www.quanben.net//288/288434/,[武侠小说],枕雪鸟,01-07,连载
阿呆的修仙小生活,https://www.quanben.net//277/277544/,[武侠小说],蓝白阁,01-06,连载
重建大明朝,https://www.quanben.net//285/285450/,[武侠小说],岷森,01-06,连载
河伯证道,https://www.quanben.net//277/277476/,[武侠小说],夹尾巴的小猫,01-06,连载
无敌超能高手,https://www.quanben.net//277/277160/,[武侠小说],天天来卖酒,01-05,连载
这个唐僧不正经,https://www.quanben.net//288/288068/,[武侠小说],水印江山,01-05,连载
白袍踏雪,https://www.quanben.net//148/148154/,[武侠小说],丑奴儿令,01-05,连载
幽冥真仙,https://www.quanben.net//94/94811/,[武侠小说],凉水面,01-04,连载
主神公敌,https://www.quanben.net//143/143299/,[武侠小说],道就道,01-04,连载
地上道国,https://www.quanben.net//278/278760/,[武侠小说],最爱睡觉,01-04,连载
穿越丹炉的修行生涯,https://www.quanben.net//282/282237/,[武侠小说],花开叶落无归,01-04,连载
都市之地狱之主,https://www.quanben.net//193/193157/,[武侠小说],天穹之上,01-04,连载
辟道立心,https://www.quanben.net//286/286534/,[武侠小说],尘下散人,01-04,连载
蜀山世界笑傲行,https://www.quanben.net//154/154702/,[武侠小说],天剑客,01-03,连载
战国大召唤,https://www.quanben.net//285/285502/,[武侠小说],黑白隐士,01-02,连载
神秘复苏,https://www.quanben.net//277/277973/,[武侠小说],佛前献花,01-02,连载
封神之老祖,https://www.quanben.net//288/288111/,[武侠小说],倚江流,01-02,连载
修行从创业开始,https://www.quanben.net//288/288109/,[武侠小说],先生想养猫,01-02,连载
幽冥奇侠,https://www.quanben.net//288/288107/,[武侠小说],红尘弱水,01-02,连载
画一个江湖,https://www.quanben.net//288/288100/,[武侠小说],公子以诺,01-02,连载
仙侠世界的大航海时代,https://www.quanben.net//288/288071/,[武侠小说],梦中的船,01-02,连载
妖道的十年游历,https://www.quanben.net//288/288066/,[武侠小说],葫芦滴溜转,01-02,连载
血染长生,https://www.quanben.net//93/93228/,[武侠小说],夜开花,01-02,连载
帝御仙魔,https://www.quanben.net//94/94098/,[武侠小说],我是蓬蒿人,01-02,连载
封天妖尊,https://www.quanben.net//276/276714/,[武侠小说],异世的剑客,01-01,连载
魔门老祖会穿越,https://www.quanben.net//141/141338/,[武侠小说],王半缘,01-01,连载
边宋群侠传,https://www.quanben.net//288/288067/,[武侠小说],种花大熊猫,01-01,连载
打造修真世界幸福感,https://www.quanben.net//274/274627/,[武侠小说],指间天下,01-01,连载
我有亿万倍金丹,https://www.quanben.net//288/288061/,[武侠小说],孤烟黑手,01-01,连载
打造超武侠,https://www.quanben.net//288/288040/,[武侠小说],谪仙人李十二,01-01,连载
梦修大圣,https://www.quanben.net//288/288038/,[武侠小说],金属思维,01-01,连载
长生庄主,https://www.quanben.net//33/33912/,[武侠小说],天上有飞鱼,01-01,连载
都市至尊神医,https://www.quanben.net//286/286923/,[武侠小说],一等公子,12-31,连载
叩天门,https://www.quanben.net//93/93948/,[武侠小说],紫云白沙,12-31,连载
进化之危,https://www.quanben.net//265/265253/,[武侠小说],暴打一顿,12-31,连载
崩坏神话,https://www.quanben.net//75/75411/,[武侠小说],雷动天下,12-31,连载
都市之绝世仙帝,https://www.quanben.net//165/165434/,[武侠小说],周流星位,12-31,连载
这个反派太稳健了,https://www.quanben.net//287/287431/,[武侠小说],桦小白,12-31,连载
道爷请留步,https://www.quanben.net//287/287959/,[武侠小说],山比水还深,12-31,连载
绝世刀主,https://www.quanben.net//264/264680/,[武侠小说],百里刀,12-31,连载
那些热血飞扬的日子,https://www.quanben.net//276/276471/,[武侠小说],肤浅失眠中,12-31,连载
异世神棍,https://www.quanben.net//278/278881/,[武侠小说],一摊水,12-30,连载
冠世仙凡,https://www.quanben.net//287/287380/,[武侠小说],谁在暗处,12-30,连载
全职武神逛诸天,https://www.quanben.net//235/235847/,[武侠小说],折天,12-30,连载
异火饲养指南,https://www.quanben.net//222/222860/,[武侠小说],漠洛蔓,12-30,连载
洪荒里的兔爷,https://www.quanben.net//287/287981/,[武侠小说],相鸣子,12-30,连载
我是仙凡,https://www.quanben.net//104/104707/,[武侠小说],百里玺,12-28,连载
琉璃美人煞,https://www.quanben.net//287/287974/,[武侠小说],十四十四,12-28,完结
万里苍穹万里剑,https://www.quanben.net//282/282093/,[武侠小说],宦游客,12-28,连载
金丹九品,https://www.quanben.net//4/4355/,[武侠小说],两年两月,12-27,连载
重生西游之九头虫,https://www.quanben.net//250/250647/,[武侠小说],纸生云烟,12-27,连载
元始诸天,https://www.quanben.net//283/283112/,[武侠小说],弃还真,12-27,连载
最强归来之征服无限,https://www.quanben.net//287/287321/,[武侠小说],相鸿鸣,12-26,连载
穿越西游之附身唐僧,https://www.quanben.net//287/287547/,[武侠小说],云中月.CS,12-25,连载
武侠之神级捕快,https://www.quanben.net//172/172594/,[武侠小说],紫衣居士,12-24,连载
释灵逸志,https://www.quanben.net//277/277416/,[武侠小说],白柳乙,12-24,连载
神一般的剑客,https://www.quanben.net//282/282348/,[武侠小说],千秋影,12-24,连载
小师弟太难了,https://www.quanben.net//287/287529/,[武侠小说],如是幕霄,12-23,连载
武帝归来,https://www.quanben.net//278/278593/,[武侠小说],违天命,12-23,连载
主神竞争者,https://www.quanben.net//261/261258/,[武侠小说],迦太基的失落,12-22,连载
修仙界的丧尸末日,https://www.quanben.net//287/287108/,[武侠小说],寻雾者,12-22,连载
最强反派系统,https://www.quanben.net//14/14427/,[武侠小说],封七月,12-22,连载
神鬼行纪,https://www.quanben.net//275/275166/,[武侠小说],山中佬人,12-21,连载
符尊传,https://www.quanben.net//12/12291/,[武侠小说],苍云阁主,12-21,连载
神通不朽,https://www.quanben.net//272/272741/,[武侠小说],太乙神蛇,12-20,连载
蜜婚情深：战少的心尖宠,https://www.quanben.net//286/286522/,[武侠小说],鱼歌,12-20,连载
诸天之人皇,https://www.quanben.net//258/258852/,[武侠小说],沧海成尘,12-20,连载
日月天罗,https://www.quanben.net//231/231332/,[武侠小说],冰玉雪珠,12-18,连载
混元道纪,https://www.quanben.net//42/42254/,[武侠小说],太元仙尊,12-18,连载
装甲武神,https://www.quanben.net//65/65705/,[武侠小说],无尽花开,12-17,连载
太有钱了怎么办,https://www.quanben.net//283/283901/,[武侠小说],错弦,12-17,连载
武侠之拳倾天下,https://www.quanben.net//278/278605/,[武侠小说],盗圣小白,12-17,连载
傲天圣帝,https://www.quanben.net//275/275428/,[武侠小说],唯易永恒,12-16,连载
月白传奇,https://www.quanben.net//229/229053/,[武侠小说],豆腐男士,12-16,连载
灵石成仙记,https://www.quanben.net//286/286015/,[武侠小说],麦米立,12-16,连载
主神再启,https://www.quanben.net//279/279636/,[武侠小说],游天鹤,12-16,连载
武神轩辕记,https://www.quanben.net//286/286726/,[武侠小说],罪爱sxj,12-15,连载
武侠之怪物来了,https://www.quanben.net//283/283209/,[武侠小说],菜包配咖啡,12-15,连载
微尘之路,https://www.quanben.net//285/285562/,[武侠小说],南安李志云,12-15,连载
千金公主修仙记,https://www.quanben.net//283/283397/,[武侠小说],萧潇上,12-15,连载
那年下青山,https://www.quanben.net//279/279836/,[武侠小说],荷辙,12-14,连载
帝古图志,https://www.quanben.net//274/274377/,[武侠小说],墨斗鱼儿,12-13,连载
我成了武侠乐园的NPC,https://www.quanben.net//180/180333/,[武侠小说],凌若风飞,12-13,连载
西游之混世大魔王,https://www.quanben.net//286/286612/,[武侠小说],图灵风,12-13,连载
狱血道尊,https://www.quanben.net//272/272779/,[武侠小说],清静无为,12-13,连载
诡异修仙世界,https://www.quanben.net//281/281538/,[武侠小说],龙蛇枝,12-13,连载
仙凡同修,https://www.quanben.net//280/280598/,[武侠小说],紫钗恨,12-12,连载
天下第二的剑客,https://www.quanben.net//286/286588/,[武侠小说],塞尘猎清秋,12-12,连载
遮天,https://www.quanben.net//11/11607/,[武侠小说],辰东,12-12,连载
黑白剑道,https://www.quanben.net//286/286537/,[武侠小说],泓下龙吟,12-12,连载
重生一万年前,https://www.quanben.net//286/286540/,[武侠小说],周书白,12-12,连载
毁天屠帝,https://www.quanben.net//96/96852/,[武侠小说],仙魔无道,12-12,连载
重生之弃子惊华,https://www.quanben.net//286/286240/,[武侠小说],颜夕夏沙,12-12,连载
洪荒之造化青莲,https://www.quanben.net//285/285868/,[武侠小说],齐天弼马温,12-11,连载
仙侣情侠传,https://www.quanben.net//12/12030/,[武侠小说],飘柔01,12-11,连载
梦游书生之重生王朝,https://www.quanben.net//145/145721/,[武侠小说],弎个亦,12-11,连载
被坑修仙,https://www.quanben.net//282/282134/,[武侠小说],幻魇殇,12-10,连载
重生之修仙老祖,https://www.quanben.net//167/167753/,[武侠小说],仇九1,12-09,连载
重生之绝世杀神,https://www.quanben.net//277/277288/,[武侠小说],昆仑,12-09,连载
洪荒混元路,https://www.quanben.net//259/259574/,[武侠小说],苏淮向少,12-09,连载
危月之下,https://www.quanben.net//286/286136/,[武侠小说],叁和,12-08,连载
天书志异,https://www.quanben.net//209/209115/,[武侠小说],Irfan,12-08,连载
洪荒之乾坤道人,https://www.quanben.net//286/286507/,[武侠小说],大佬文,12-08,连载
血手书生,https://www.quanben.net//235/235661/,[武侠小说],爱吃糖三角,12-08,连载
川流修真传,https://www.quanben.net//286/286121/,[武侠小说],何之川流,12-08,连载
此界修真不正常,https://www.quanben.net//236/236338/,[武侠小说],薛小九,12-08,连载
重生之灵草也修仙,https://www.quanben.net//260/260629/,[武侠小说],蘑菇炖鸡,12-07,连载
武侠之绝世魔头,https://www.quanben.net//248/248143/,[武侠小说],昨天不再,12-06,连载
家丁修仙,https://www.quanben.net//280/280877/,[武侠小说],秋叶的歌者,12-06,连载
上善经,https://www.quanben.net//24/24849/,[武侠小说],墙外行人gt,12-06,连载
仙神外传之灵缘传说,https://www.quanben.net//189/189301/,[武侠小说],明眸若水,12-06,连载
农家女的剑仙之路,https://www.quanben.net//286/286397/,[武侠小说],钱贰小姐,12-06,连载
修了一个仙,https://www.quanben.net//258/258715/,[武侠小说],或许纯良,12-06,连载
九幽天后：倾世涅槃,https://www.quanben.net//286/286377/,[武侠小说],黎瀞,12-06,连载
仙君多娇：桃花如此作妖,https://www.quanben.net//258/258225/,[武侠小说],眼泪泡饭,12-06,连载
妖妃也是妃,https://www.quanben.net//286/286315/,[武侠小说],夜舞月,12-06,连载
虞令天下,https://www.quanben.net//286/286314/,[武侠小说],夜梨茯,12-06,连载
承蒙师宠：小徒不愁嫁,https://www.quanben.net//286/286279/,[武侠小说],十里青荷,12-06,连载
扬尘九州,https://www.quanben.net//80/80628/,[武侠小说],忘川摆渡人,12-06,连载
乾坤双璧之纵横天下,https://www.quanben.net//85/85064/,[武侠小说],鸥迹.CS,12-06,连载
大修真物语,https://www.quanben.net//283/283987/,[武侠小说],楼下赫本,12-05,连载
半劫不渡,https://www.quanben.net//258/258367/,[武侠小说],桔子和橘子,12-05,连载
仙侠情缘之倾城缘,https://www.quanben.net//263/263521/,[武侠小说],冷凝清,12-05,连载
重生后死对头看上我了！,https://www.quanben.net//279/279445/,[武侠小说],Hains,12-05,连载
锦水汤汤，与君长诀,https://www.quanben.net//217/217256/,[武侠小说],亦瑾,12-05,连载
阿弥陀佛喜欢你,https://www.quanben.net//286/286329/,[武侠小说],隔壁家短腿,12-05,连载
啊！登仙路,https://www.quanben.net//263/263704/,[武侠小说],苏三的酒,12-05,连载
懒散仙子呆萌夫,https://www.quanben.net//255/255977/,[武侠小说],糖醋小肉,12-05,连载
仙君指南：我家哥哥不经撩,https://www.quanben.net//257/257364/,[武侠小说],宋萧,12-05,连载
上神有劫,https://www.quanben.net//263/263805/,[武侠小说],将峘,12-05,连载
予君长生,https://www.quanben.net//285/285944/,[武侠小说],也慕,12-05,连载
红尘之隐中仙,https://www.quanben.net//285/285923/,[武侠小说],徐亦恩,12-05,连载
残存寂界,https://www.quanben.net//279/279639/,[武侠小说],蚕醇,12-05,连载
我比主角还凶猛,https://www.quanben.net//285/285339/,[武侠小说],忆风雅,12-04,连载
轮回笔扎,https://www.quanben.net//286/286190/,[武侠小说],念科,12-04,连载
仙妻临门：九世劫中缘,https://www.quanben.net//217/217068/,[武侠小说],萧酒酒,12-04,连载
重生金山寺,https://www.quanben.net//261/261702/,[武侠小说],鸿都宝篆,12-02,连载
武道漫途,https://www.quanben.net//261/261050/,[武侠小说],爱吃糖三角,12-02,连载
一剑画江湖,https://www.quanben.net//282/282394/,[武侠小说],青天宁,12-02,连载
至尊天命系统,https://www.quanben.net//283/283865/,[武侠小说],寒修尘,12-02,连载
