标题,链接
跟随《足迹》的故事，跨越历史的长…,http://blog.sina.com.cn/s/blog_5af303e30102yfrd.html
《我和我的祖国》英姿飒爽的宋佳是…,http://blog.sina.com.cn/s/blog_5af303e30102yfpt.html
在雾霾所主宰的世界里，《呼吸》都…,http://blog.sina.com.cn/s/blog_5af303e30102yfp1.html
《我和我的祖国》聚沙成塔重温振奋…,http://blog.sina.com.cn/s/blog_5af303e30102yfoy.html
《大话西游之成长的烦恼》忧愁也好…,http://blog.sina.com.cn/s/blog_5af303e30102yfop.html
《亲密旅行》人生的旅途中，你我不…,http://blog.sina.com.cn/s/blog_5af303e30102yfoo.html
摆脱生活的阴影走出情感的怪圈，《…,http://blog.sina.com.cn/s/blog_5af303e30102yfna.html
还在抱怨命运不公？看看《在远方》…,http://blog.sina.com.cn/s/blog_5af303e30102yfn4.html
《老酒馆》里性格使然的“小棉袄”，…,http://blog.sina.com.cn/s/blog_5af303e30102yflb.html
让人流连忘返的《老酒馆》，可谓是…,http://blog.sina.com.cn/s/blog_5af303e30102yff6.html
《小小的愿望》一个好汉两个帮，小…,http://blog.sina.com.cn/s/blog_5af303e30102yff5.html
《诛仙》程小东肖战联手加持，开创…,http://blog.sina.com.cn/s/blog_5af303e30102yff2.html
《决胜时刻》黎明前的峥嵘岁月，胜…,http://blog.sina.com.cn/s/blog_5af303e30102yfdw.html
《呼伦贝尔城》那荒茫的草原啊，写…,http://blog.sina.com.cn/s/blog_5af303e30102yf89.html
《花椒之味》如果父爱像花椒一样麻…,http://blog.sina.com.cn/s/blog_5af303e30102yf88.html
《樵夫·廖俊波》披荆斩棘路，薪火…,http://blog.sina.com.cn/s/blog_5af303e30102yf41.html
《九州缥缈录》陈昊宇成就悲情女王…,http://blog.sina.com.cn/s/blog_5af303e30102yf3j.html
《深夜食堂》品不完的深夜美味，看…,http://blog.sina.com.cn/s/blog_5af303e30102yf0i.html
《共同命运》让世界互通有无，让你…,http://blog.sina.com.cn/s/blog_5af303e30102yexu.html
都在追《小欢喜》，而我却被刘家祎…,http://blog.sina.com.cn/s/blog_5af303e30102yeva.html
《风吹吧麦浪》你没看错，这就是散…,http://blog.sina.com.cn/s/blog_5af303e30102yerd.html
《龙牌之谜》何止异域冒险，更满足…,http://blog.sina.com.cn/s/blog_5af303e30102yehk.html
《烈火军校》热血青春铸军魂，铁血…,http://blog.sina.com.cn/s/blog_5af303e30102yefk.html
身份尊贵却危机四伏，《九州缥缈录…,http://blog.sina.com.cn/s/blog_5af303e30102yee9.html
放慢生活的脚步，和大叔们一起用心…,http://blog.sina.com.cn/s/blog_5af303e30102yee6.html
当人类的命运被科技主宰，就是《无…,http://blog.sina.com.cn/s/blog_5af303e30102yeda.html
《鼠胆英雄》嬉笑怒骂小人物，一本…,http://blog.sina.com.cn/s/blog_5af303e30102yebo.html
《古田军号》军号嘹亮吹响革命号角…,http://blog.sina.com.cn/s/blog_5af303e30102yebk.html
《烈火英雄》在烈火中成长的郑志，…,http://blog.sina.com.cn/s/blog_5af303e30102ye7h.html
《无主之城》这是一座神奇的城，你…,http://blog.sina.com.cn/s/blog_5af303e30102ye4f.html
《奋斗吧，少年７青春肆意的球场，…,http://blog.sina.com.cn/s/blog_5af303e30102ye3p.html
《看不见的小孩》怨念重生，活人破…,http://blog.sina.com.cn/s/blog_5af303e30102ye0k.html
从东方美学到国风元素，《陈情令》…,http://blog.sina.com.cn/s/blog_5af303e30102ydzq.html
《银河补习班》人生就像补习班，处…,http://blog.sina.com.cn/s/blog_5af303e30102ydzd.html
从“瓶盖挑战”到“超级英雄”，林路迪…,http://blog.sina.com.cn/s/blog_5af303e30102ydxl.html
《九龙不败》拳拳打出骇人真相，脚…,http://blog.sina.com.cn/s/blog_5af303e30102ydub.html
《蜘蛛侠：英雄远征》蜘蛛侠C位出…,http://blog.sina.com.cn/s/blog_5af303e30102ydt0.html
《新河东狮吼》山下的女人是老虎，…,http://blog.sina.com.cn/s/blog_5af303e30102ydrr.html
压抑在三代人心底的《春潮》，正是…,http://blog.sina.com.cn/s/blog_5af303e30102ydrq.html
《八子》历经战火洗礼的刘端端，让…,http://blog.sina.com.cn/s/blog_5af303e30102ydr5.html
《六月夏初》的日子，我的大学生涯…,http://blog.sina.com.cn/s/blog_5af303e30102ydq6.html
《大河唱》广袤大地上开出的花儿，…,http://blog.sina.com.cn/s/blog_5af303e30102ydph.html
《八子》八兄弟前赴后继，重现反围…,http://blog.sina.com.cn/s/blog_5af303e30102ydoy.html
《秦明·生死语者》揭开死者的秘密…,http://blog.sina.com.cn/s/blog_5af303e30102ydo5.html
《三流勇士》跌倒了爬起来，勇士就…,http://blog.sina.com.cn/s/blog_5af303e30102ydo2.html
是迷城是幻城还是围城？《妈阁是座…,http://blog.sina.com.cn/s/blog_5af303e30102ydm2.html
侣行攻略之确认你是我的人谭卓赵英…,http://blog.sina.com.cn/s/blog_5af303e30102ydlq.html
白玉兰奖大变脸，正午阳光要包揽？,http://blog.sina.com.cn/s/blog_5af303e30102ydl1.html
《筑梦情缘》收视登顶杨幂诠释超A…,http://blog.sina.com.cn/s/blog_5af303e30102ydke.html
印度“座头市”开启暴力美学，《无所…,http://blog.sina.com.cn/s/blog_5af303e30102ydju.html
《当我们海阔天空》还原艰辛拼搏路…,http://blog.sina.com.cn/s/blog_5af303e30102ydjr.html
直面留守儿童的《花儿与歌声》，远…,http://blog.sina.com.cn/s/blog_5af303e30102ydg3.html
从《我们都要好好的》到《我最爱的…,http://blog.sina.com.cn/s/blog_5af303e30102yd5d.html
直面人性弱点的《云端之上》，远比…,http://blog.sina.com.cn/s/blog_5af303e30102yd5b.html
《一条狗的使命2》刘宪华温文尔雅…,http://blog.sina.com.cn/s/blog_5af303e30102ycyc.html
《企鹅公路》大人的世界你不懂，孩…,http://blog.sina.com.cn/s/blog_5af303e30102ycuv.html
《周恩来回延安》重温特殊历史时期…,http://blog.sina.com.cn/s/blog_5af303e30102ycrr.html
《狂怒的金佛》金佛是财幸福滚滚而…,http://blog.sina.com.cn/s/blog_5af303e30102ycr9.html
《狂怒的金佛》金佛是财幸福滚滚而…,http://blog.sina.com.cn/s/blog_5af303e30102ycq3.html
《进京城》：改变京剧历史的，竟是…,http://blog.sina.com.cn/s/blog_5af303e30102ychw.html
《进京城》：改变京剧历史的，竟是…,http://blog.sina.com.cn/s/blog_5af303e30102ycgc.html
还在为赴美生子焦虑吗？《七日生》…,http://blog.sina.com.cn/s/blog_5af303e30102ycf4.html
《破冰行动》还原真实大案高能上演…,http://blog.sina.com.cn/s/blog_5af303e30102yce7.html
《如果可以这样爱》如果爱是双刃剑…,http://blog.sina.com.cn/s/blog_5af303e30102ybrz.html
我和海王相爱了，《我的波塞冬》有…,http://blog.sina.com.cn/s/blog_5af303e30102ybr3.html
《我的宠物是大象》不怕少年多荒唐…,http://blog.sina.com.cn/s/blog_5af303e30102ybok.html
《在乎你》在乎你的现在，还有从前,http://blog.sina.com.cn/s/blog_5af303e30102ybmv.html
《难以置信》穿过青春的彷徨与迷惘…,http://blog.sina.com.cn/s/blog_5af303e30102ybhp.html
古天乐身陷“监狱风云”，《反贪风暴…,http://blog.sina.com.cn/s/blog_5af303e30102yavq.html
《人间·喜剧》接地气的王智，让很…,http://blog.sina.com.cn/s/blog_5af303e30102yaur.html
励志的《重耳传奇》，足以改变很多…,http://blog.sina.com.cn/s/blog_5af303e30102yas0.html
《比悲伤更悲伤的故事》比伤感更伤…,http://blog.sina.com.cn/s/blog_5af303e30102ya18.html
“环太平洋”的鼻祖来了，《魔神Z》…,http://blog.sina.com.cn/s/blog_5af303e30102y9kz.html
“环太平洋”的鼻祖来了，《魔神Z》…,http://blog.sina.com.cn/s/blog_5af303e30102y9ky.html
《雪暴》抢占“五一档”，张震倪妮廖…,http://blog.sina.com.cn/s/blog_5af303e30102y9ii.html
《逆罪》杀戮游戏的背后，是常人难…,http://blog.sina.com.cn/s/blog_5af303e30102y96z.html
《老中医》不仅是悬壶济世，更书写…,http://blog.sina.com.cn/s/blog_5af303e30102y92r.html
《失控》：绑架引发的蝴蝶效应，谁…,http://blog.sina.com.cn/s/blog_5af303e30102y91l.html
《天乩之天帝传说》少年天帝的“奇…,http://blog.sina.com.cn/s/blog_5af303e30102y90f.html
《流浪地球》的对手出现了，这个周…,http://blog.sina.com.cn/s/blog_5af303e30102y8wm.html
情人节也阻挡不了《流浪地球》的脚…,http://blog.sina.com.cn/s/blog_5af303e30102y8px.html
时代变了，喜剧不是观众的最爱了？,http://blog.sina.com.cn/s/blog_5af303e30102y8pn.html
初七票房大幅回落，《流浪地球》依…,http://blog.sina.com.cn/s/blog_5af303e30102y8oc.html
《流浪地球》一飞冲天，国人的科幻…,http://blog.sina.com.cn/s/blog_5af303e30102y8nz.html
同为科幻题材，《疯狂的外星人》比…,http://blog.sina.com.cn/s/blog_5af303e30102y8nk.html
初五票房过8.4亿，《流浪地球》单…,http://blog.sina.com.cn/s/blog_5af303e30102y8mx.html
硬要给《流浪地球》挑刺儿的话，刺…,http://blog.sina.com.cn/s/blog_5af303e30102y8mw.html
初四票房过8.4亿，《流浪地球》撑…,http://blog.sina.com.cn/s/blog_5af303e30102y8mi.html
初三票房过9亿，《流浪地球》逆袭…,http://blog.sina.com.cn/s/blog_5af303e30102y8m3.html
《流浪地球》VS《疯狂的外星人》，…,http://blog.sina.com.cn/s/blog_5af303e30102y8m2.html
《新喜剧之王》不止回忆杀，更带你…,http://blog.sina.com.cn/s/blog_5af303e30102y8m1.html
初二票房近十亿，《流浪地球》坐二…,http://blog.sina.com.cn/s/blog_5af303e30102y8lp.html
“熊出没”VS“小猪佩奇”，谁能“笑傲…,http://blog.sina.com.cn/s/blog_5af303e30102y8lo.html
春节档首日票房破14亿，《疯狂的外…,http://blog.sina.com.cn/s/blog_5af303e30102y8l6.html
《飞驰人生》飞驰的不只有人生，还…,http://blog.sina.com.cn/s/blog_5af303e30102y8l5.html
成龙首次尝试奇幻片，《神探蒲松龄…,http://blog.sina.com.cn/s/blog_5af303e30102y8kr.html
2018年过去了，这些影片不该被遗忘…,http://blog.sina.com.cn/s/blog_5af303e30102y8k3.html
当一个人对自己失去信心的时候，他…,http://blog.sina.com.cn/s/blog_5af303e30102y8jl.html
《月光光心慌慌》延续四十年的梦魇…,http://blog.sina.com.cn/s/blog_5af303e30102y8ih.html
《小猪佩奇过大年》“啥是佩奇”里的…,http://blog.sina.com.cn/s/blog_5af303e30102y8hg.html
《熊出没原始时代》以冒险为名开启…,http://blog.sina.com.cn/s/blog_5af303e30102y8gv.html
《古井凶灵》一把大火牵出一桩旧案…,http://blog.sina.com.cn/s/blog_5af303e30102y8ft.html
贾樟柯用《一个桶》，还原了浓浓的…,http://blog.sina.com.cn/s/blog_5af303e30102y8f9.html
解读林岭东之《阴阳错》,http://blog.sina.com.cn/s/blog_5af303e30102y8ew.html
假如《情圣2》照常上映，结局将会…,http://blog.sina.com.cn/s/blog_5af303e30102y8dm.html
《岳野支路》走进埃塞俄比亚，探寻…,http://blog.sina.com.cn/s/blog_5af303e30102y8dl.html
比起《情圣2》的命运多舛，当年的…,http://blog.sina.com.cn/s/blog_5af303e30102y8d4.html
第91届奥斯卡提名揭晓,http://blog.sina.com.cn/s/blog_5af303e30102y8bx.html
2018年过去了，这些影片不该被遗忘…,http://blog.sina.com.cn/s/blog_5af303e30102y8ae.html
2018年过去了，这些电影不该被遗忘…,http://blog.sina.com.cn/s/blog_5af303e30102y89c.html
从“洛奇”到“奎迪”，八部拳击电影逐…,http://blog.sina.com.cn/s/blog_5af303e30102y88s.html
《密室逃生》残酷绝望的致命游戏，…,http://blog.sina.com.cn/s/blog_5af303e30102y857.html
不止歌好听——从《一半人生》MV来看…,http://blog.sina.com.cn/s/blog_5af303e30102y84n.html
《森林奇缘》跌宕起伏的冒险故事，…,http://blog.sina.com.cn/s/blog_5af303e30102y84g.html
《家和万事惊》嬉笑怒骂的故事，经…,http://blog.sina.com.cn/s/blog_5af303e30102y81q.html
《“大”人物》无惧身份悬殊，只为伸…,http://blog.sina.com.cn/s/blog_5af303e30102y7uy.html
《大微商》互联网来势汹汹，创业路…,http://blog.sina.com.cn/s/blog_5af303e30102y7tk.html
《汝海风云》离奇迷案引出惊人内幕…,http://blog.sina.com.cn/s/blog_5af303e30102y7s0.html
奎迪和洛奇的关系如何？一文读懂奎…,http://blog.sina.com.cn/s/blog_5af303e30102y7ro.html
中年大叔逛漫展是种怎样的体验？,http://blog.sina.com.cn/s/blog_5af303e30102y7of.html
《奎迪：英雄再起》从“洛奇”到“奎…,http://blog.sina.com.cn/s/blog_5af303e30102y7iv.html
《奎迪：英雄再起》从“洛奇”到“奎…,http://blog.sina.com.cn/s/blog_5af303e30102y7iu.html
票房破600亿固然可喜，但更可喜的…,http://blog.sina.com.cn/s/blog_5af303e30102y7dj.html
都在聊跨年演唱会，我却想聊聊林岭…,http://blog.sina.com.cn/s/blog_5af303e30102y79c.html
《地球最后的夜晚》似幻似真的世界…,http://blog.sina.com.cn/s/blog_5af303e30102y778.html
《来电狂响》——埋藏于深处的复杂人…,http://blog.sina.com.cn/s/blog_5af303e30102y75w.html
阿米尔·汗化身《印度暴徒》，打响…,http://blog.sina.com.cn/s/blog_5af303e30102y74a.html
《天气预爆》由雾霾引发的荒诞交响…,http://blog.sina.com.cn/s/blog_5af303e30102y70t.html
《演员的品格》带你走入年轻演员的…,http://blog.sina.com.cn/s/blog_5af303e30102y6rz.html
赵立新用执着和坚守诠释创业者的隐…,http://blog.sina.com.cn/s/blog_5af303e30102y6qb.html
日剧的正确打开方式，尽在芒果TV,http://blog.sina.com.cn/s/blog_5af303e30102y6pl.html
《印度合伙人》这位神奇的“护垫侠”…,http://blog.sina.com.cn/s/blog_5af303e30102y6gb.html
《印度合伙人》这位神奇的“护垫侠”…,http://blog.sina.com.cn/s/blog_5af303e30102y6ga.html
《云上日出》战争带来了无尽的创伤…,http://blog.sina.com.cn/s/blog_5af303e30102y5y1.html
《狗十三》我们盼望长大，而成长的…,http://blog.sina.com.cn/s/blog_5af303e30102y5jl.html
《亡命救赎》父女结伴亡命天涯，自…,http://blog.sina.com.cn/s/blog_5af303e30102y3ve.html
《克隆人》科技改变的不光是生活，…,http://blog.sina.com.cn/s/blog_5af303e30102y2yo.html
出生入死勇者无惧，《中国蓝盔》告…,http://blog.sina.com.cn/s/blog_5af303e30102y2te.html
《一条叫招财的鱼》这条神奇的鱼，…,http://blog.sina.com.cn/s/blog_5af303e30102y2nl.html
小人物的暴裂无声，汇聚成《无名之…,http://blog.sina.com.cn/s/blog_5af303e30102y1y4.html
《神奇动物2》点映口碑爆棚万达电…,http://blog.sina.com.cn/s/blog_5af303e30102y1v8.html
题材相同境遇不同，《唐砖》和《回…,http://blog.sina.com.cn/s/blog_5af303e30102y106.html
《毒液：致命守护者》最另类的超级…,http://blog.sina.com.cn/s/blog_5af303e30102xzud.html
迪士尼来势汹汹，以《两个俏公主》…,http://blog.sina.com.cn/s/blog_5af303e30102xzm4.html
《你和我的倾城时光》甜而不腻、甜…,http://blog.sina.com.cn/s/blog_5af303e30102xz56.html
《创业时代》揭开互联网的大幕，走…,http://blog.sina.com.cn/s/blog_5af303e30102xyxa.html
《八仙》佩服，原来经典还可以这样…,http://blog.sina.com.cn/s/blog_5af303e30102xyfc.html
《黑暗迷宫》比迷宫更可怕的是绝望…,http://blog.sina.com.cn/s/blog_5af303e30102xxqn.html
从众星捧月到无人问津，《宝贝儿》…,http://blog.sina.com.cn/s/blog_5af303e30102xx31.html
《两个俏公主》这才是“easygirl”的…,http://blog.sina.com.cn/s/blog_5af303e30102xwq4.html
《功夫联盟》这才是“英雄难过美人…,http://blog.sina.com.cn/s/blog_5af303e30102xweh.html
《灵魂契约》当预言变为现实，你的…,http://blog.sina.com.cn/s/blog_5af303e30102xw2n.html
《宝贝儿》票房惨淡，原因众说纷纭,http://blog.sina.com.cn/s/blog_5af303e30102xvvc.html
这或许是杨幂最难看的一次造型，却…,http://blog.sina.com.cn/s/blog_5af303e30102xvfy.html
《悍城》这是一座神奇的城市，人们…,http://blog.sina.com.cn/s/blog_5af303e30102xv85.html
当命中注定的爱情来到非洲，就是《…,http://blog.sina.com.cn/s/blog_5af303e30102xv1v.html
是重在参与还是志在必得？写在《邪…,http://blog.sina.com.cn/s/blog_5af303e30102xux3.html
《向阳的日子》我的世界里只有孤独…,http://blog.sina.com.cn/s/blog_5af303e30102xugw.html
《公车上的曹操》幕后花絮曝光，于…,http://blog.sina.com.cn/s/blog_5af303e30102xufz.html
豆瓣评分7.8，少年冒险带来些许惊…,http://blog.sina.com.cn/s/blog_5af303e30102xtxx.html
《李茶的姑妈》黄才伦魔性出演，小…,http://blog.sina.com.cn/s/blog_5af303e30102xtdw.html
《好戏一出》这才是“一出好戏”的真…,http://blog.sina.com.cn/s/blog_5af303e30102xtac.html
《悲伤逆流成河》逆流的不只有悲伤…,http://blog.sina.com.cn/s/blog_5af303e30102xt7b.html
豆瓣评分5.7反成大赢家，这部小清…,http://blog.sina.com.cn/s/blog_5af303e30102xt0g.html
十一档有喜有忧，《无双》笑到最后,http://blog.sina.com.cn/s/blog_5af303e30102xst5.html
国庆档座次已排，最可惜的是这部电…,http://blog.sina.com.cn/s/blog_5af303e30102xssm.html
《李茶的姑妈》未达预期，背后的原…,http://blog.sina.com.cn/s/blog_5af303e30102xshs.html
《嘻哈英熊》这对熊父子的经历，正…,http://blog.sina.com.cn/s/blog_5af303e30102xs6w.html
《最好的遇见》穿越现实的迷宫，破…,http://blog.sina.com.cn/s/blog_5af303e30102xs6u.html
《古剑奇谭之流月昭明》仙侠江湖的…,http://blog.sina.com.cn/s/blog_5af303e30102xrd8.html
突破自我的邓超联手孙俪，张艺谋的…,http://blog.sina.com.cn/s/blog_5af303e30102xr4l.html
印度电影不光有“爸爸”和“巨星”，还…,http://blog.sina.com.cn/s/blog_5af303e30102xr4j.html
《影》是张艺谋的独到探索，也是古…,http://blog.sina.com.cn/s/blog_5af303e30102xr11.html
《李茶的姑妈》一出极具讽刺的好戏…,http://blog.sina.com.cn/s/blog_5af303e30102xqlt.html
萌动人心的汪星人遇上麻烦了，铲屎…,http://blog.sina.com.cn/s/blog_5af303e30102xqel.html
从妙手仁心到《虎胆追凶》，布鲁斯…,http://blog.sina.com.cn/s/blog_5af303e30102xpld.html
“古惑仔”原班人马回归，《黄金兄弟…,http://blog.sina.com.cn/s/blog_5af303e30102xpeh.html
《找到你》里的吴昊宸，还出演过这…,http://blog.sina.com.cn/s/blog_5af303e30102xpe9.html
《胖子行动队》大块头有大惊喜，大…,http://blog.sina.com.cn/s/blog_5af303e30102xp9v.html
《找到你》找到渺无音信的女儿，找…,http://blog.sina.com.cn/s/blog_5af303e30102xoo4.html
《反贪风暴3》陆港联手开启反贪大…,http://blog.sina.com.cn/s/blog_5af303e30102xogt.html
《御龙修仙传》在修仙的路上C位出…,http://blog.sina.com.cn/s/blog_5af303e30102xngc.html
"见证《传奇的诞生》,见证贝利的C位…",http://blog.sina.com.cn/s/blog_5af303e30102xmxh.html
《李宗伟：败者为王》球场下的小镇…,http://blog.sina.com.cn/s/blog_5af303e30102xmr7.html
《阿尔法：狼伴归途》重回两万年前…,http://blog.sina.com.cn/s/blog_5af303e30102xm8s.html
一望无尽的《沙海》下，究竟埋藏着…,http://blog.sina.com.cn/s/blog_5af303e30102xlrn.html
一群《奇怪的袜子精灵》，一个暖心…,http://blog.sina.com.cn/s/blog_5af303e30102xkss.html
王宁笑闯《新乌龙院》，出彩小人物…,http://blog.sina.com.cn/s/blog_5af303e30102xjri.html
《欧洲攻略》马楚成开启攻略宇宙，…,http://blog.sina.com.cn/s/blog_5af303e30102xjjn.html
情怀延续欢乐升级，《新乌龙院》给…,http://blog.sina.com.cn/s/blog_5af303e30102xiyu.html
《美食大冒险之英雄烩》与美食为伍…,http://blog.sina.com.cn/s/blog_5af303e30102xitb.html
《爱情公寓》走下神坛，赵志伟版张…,http://blog.sina.com.cn/s/blog_5af303e30102xill.html
《巨齿鲨》人外有人鲨外有鲨，鲨鱼…,http://blog.sina.com.cn/s/blog_5af303e30102xi6i.html
阿凡达离我们如此远却又如此近,http://blog.sina.com.cn/s/blog_5af303e30102xi2p.html
《扶摇》最大的反派原来是她，林静…,http://blog.sina.com.cn/s/blog_5af303e30102xhk7.html
《沙海》人到中年的吴邪，在下一盘…,http://blog.sina.com.cn/s/blog_5af303e30102xh8o.html
当国漫插上创造力和想象力的翅膀，…,http://blog.sina.com.cn/s/blog_5af303e30102xgy4.html
在人民大会堂观影，是一种怎样的体…,http://blog.sina.com.cn/s/blog_5af303e30102xgt2.html
从一贫如洗到《西虹市首富》，人生…,http://blog.sina.com.cn/s/blog_5af303e30102xgs2.html
《狄仁杰之四大天王》悬疑升级迷案…,http://blog.sina.com.cn/s/blog_5af303e30102xgmc.html
《幻乐之城》：颠覆你的感官，创造…,http://blog.sina.com.cn/s/blog_5af303e30102xgl6.html
主演和主创都来站台，《西虹市首富…,http://blog.sina.com.cn/s/blog_5af303e30102xgcz.html
《神奇马戏团》神奇的不止是马戏，…,http://blog.sina.com.cn/s/blog_5af303e30102xfw7.html
《给我一个十八岁》青春是无处安放…,http://blog.sina.com.cn/s/blog_5af303e30102xfqb.html
《惊慌失色之诡寓》心里有诡，蠢蠢…,http://blog.sina.com.cn/s/blog_5af303e30102xf18.html
《惊慌失色之诡寓》心里有诡，蠢蠢…,http://blog.sina.com.cn/s/blog_5af303e30102xf17.html
从群雄逐鹿到文治武力，《天下长安…,http://blog.sina.com.cn/s/blog_5af303e30102xez0.html
《他是一只狗》治愈你的汪星人来了,http://blog.sina.com.cn/s/blog_5af303e30102xero.html
《阿修罗》“佛系”少年的奇幻漂流记…,http://blog.sina.com.cn/s/blog_5af303e30102xeka.html
《我不是药神》原以为是喜剧，结果…,http://blog.sina.com.cn/s/blog_5af303e30102xe9p.html
九死一生的《大轰炸》，远比你想象…,http://blog.sina.com.cn/s/blog_5af303e30102xdpt.html
从颜值到演技，《超级翁婿》让观众…,http://blog.sina.com.cn/s/blog_5af303e30102xdn7.html
够燃够热血６最后一球》引爆球迷的…,http://blog.sina.com.cn/s/blog_5af303e30102xdax.html
《伊阿索密码》是杀戮的盛宴，更是…,http://blog.sina.com.cn/s/blog_5af303e30102xd1v.html
《生存家族》是令人恐慌的世界末日…,http://blog.sina.com.cn/s/blog_5af303e30102xcvv.html
《我的女友要上天》从壁咚床咚到扑…,http://blog.sina.com.cn/s/blog_5af303e30102xcsy.html
不是满汉全席却霸占你味蕾，香浓四…,http://blog.sina.com.cn/s/blog_5af303e30102xcpi.html
《监狱犬计划》当汪星人来到监狱，…,http://blog.sina.com.cn/s/blog_5af303e30102xcir.html
《法医秦明2》拨开迷雾让真相浮出…,http://blog.sina.com.cn/s/blog_5af303e30102xccu.html
冯巩导演的影片上映了，他都执导过…,http://blog.sina.com.cn/s/blog_5af303e30102xbe0.html
是相声演员也是金鸡影帝，盘点三十…,http://blog.sina.com.cn/s/blog_5af303e30102xb61.html
《幸福马上来》冯巩变身“调解超人”…,http://blog.sina.com.cn/s/blog_5af303e30102xb3s.html
用拳打出一片天，《暴走狂花》再现…,http://blog.sina.com.cn/s/blog_5af303e30102xazt.html
《想看你微笑》爱情的良药，就是这…,http://blog.sina.com.cn/s/blog_5af303e30102xazi.html
从不被看好到口碑逆袭，新《泡沫之…,http://blog.sina.com.cn/s/blog_5af303e30102xam4.html
《楼外楼》佳肴香飘百年，相伴民族…,http://blog.sina.com.cn/s/blog_5af303e30102xahy.html
韩国有《昆池岩》，美国有《寂静之…,http://blog.sina.com.cn/s/blog_5af303e30102x9x2.html
从《昆池岩》到《寂静之地》，恐怖…,http://blog.sina.com.cn/s/blog_5af303e30102x9pj.html
《路过未来》：去年戛纳的这棵独苗…,http://blog.sina.com.cn/s/blog_5af303e30102x9dl.html
《荒城纪》这座荒诞的城市里，写满…,http://blog.sina.com.cn/s/blog_5af303e30102x8zy.html
从13亿到2万，图拉古欠缺的是机遇…,http://blog.sina.com.cn/s/blog_5af303e30102x8vl.html
《爱情的边疆》那炙热的爱，那不舍…,http://blog.sina.com.cn/s/blog_5af303e30102x8or.html
《破门》球在脚下路在前方，“足球…,http://blog.sina.com.cn/s/blog_5af303e30102x8lp.html
《我是你妈》从相爱相杀到相守相融…,http://blog.sina.com.cn/s/blog_5af303e30102x8ej.html
位于“盗梦空间”中的《恐怖浴室》，…,http://blog.sina.com.cn/s/blog_5af303e30102x8be.html
《巴霍巴利王2：终结》战神开撩势…,http://blog.sina.com.cn/s/blog_5af303e30102x89s.html
《战神纪》一战封神，让铁木真的名…,http://blog.sina.com.cn/s/blog_5af303e30102x7xi.html
《莽荒纪》重回远古，开启人神魔三…,http://blog.sina.com.cn/s/blog_5af303e30102x7tw.html
《后来的我们》周冬雨犹如爱的精灵…,http://blog.sina.com.cn/s/blog_5af303e30102x7ri.html
神话人物变身超级英雄，《杨戬传》…,http://blog.sina.com.cn/s/blog_5af303e30102x7qs.html
天马行空附以脑洞大开，颠覆想象的…,http://blog.sina.com.cn/s/blog_5af303e30102x7qm.html
《幕后玩家》一场看似无解的死局,http://blog.sina.com.cn/s/blog_5af303e30102x7pg.html
《后来的我们》明白了爱的含义，也…,http://blog.sina.com.cn/s/blog_5af303e30102x7li.html
烧脑剧情，智商需要140才能看懂《…,http://blog.sina.com.cn/s/blog_5af303e30102x6yp.html
《冒险王卫斯理》再续传奇经典，再…,http://blog.sina.com.cn/s/blog_5af303e30102x6g5.html
《寻找罗麦》兜兜转转的情感，消失…,http://blog.sina.com.cn/s/blog_5af303e30102x6cn.html
《脱单告急》“万年屌丝”求脱单，学…,http://blog.sina.com.cn/s/blog_5af303e30102x6bi.html
在《湮灭》所掌控的世界里，你我不…,http://blog.sina.com.cn/s/blog_5af303e30102x6ay.html
《北京女子图鉴》一个女人的悲情史…,http://blog.sina.com.cn/s/blog_5af303e30102x67f.html
《好久不见》犹如一面镜子，映射出…,http://blog.sina.com.cn/s/blog_5af303e30102x5bs.html
《猫与桃花源》萌宠大冒险，萌动父…,http://blog.sina.com.cn/s/blog_5af303e30102x53w.html
《报告老师我是东北银》东北人不光…,http://blog.sina.com.cn/s/blog_5af303e30102x53o.html
《我说的都是真的》一个谎言引发的…,http://blog.sina.com.cn/s/blog_5af303e30102x50m.html
《动物系恋人啊》爱情的动物园不是…,http://blog.sina.com.cn/s/blog_5af303e30102x4zi.html
卷土重来？《花滑女王》这次要为俄…,http://blog.sina.com.cn/s/blog_5af303e30102x4y3.html
从《环太平洋2》到《遇见你真好》…,http://blog.sina.com.cn/s/blog_5af303e30102x4u8.html
在我青春里难忘的那个你——《遇见你…,http://blog.sina.com.cn/s/blog_5af303e30102x4om.html
《通勤营救》通勤列车成为亡命专列…,http://blog.sina.com.cn/s/blog_5af303e30102x4nf.html
《中邪》恍如一道闪电，直击内心深…,http://blog.sina.com.cn/s/blog_5af303e30102x4n5.html
《热血街舞团》不仅有劲爆街舞，还…,http://blog.sina.com.cn/s/blog_5af303e30102x4gr.html
《脱皮爸爸》脱掉的是皮，脱不掉的…,http://blog.sina.com.cn/s/blog_5af303e30102x464.html
《环太平洋：雷霆再起》星际怪兽组…,http://blog.sina.com.cn/s/blog_5af303e30102x3vf.html
《闺蜜2》张钧甯颠覆了我们对闺蜜…,http://blog.sina.com.cn/s/blog_5af303e30102x313.html
《唐人街探案2》破29亿，最该感谢…,http://blog.sina.com.cn/s/blog_5af303e30102x2zz.html
《宇宙有爱浪漫同游》对你来说，爱…,http://blog.sina.com.cn/s/blog_5af303e30102x2x2.html
《宇宙有爱浪漫同游》对你来说，爱…,http://blog.sina.com.cn/s/blog_5af303e30102x2x1.html
《唐人街探案2》气场两米八，范湉…,http://blog.sina.com.cn/s/blog_5af303e30102x2r0.html
《唐人街探案2》悬疑升级搞笑延续…,http://blog.sina.com.cn/s/blog_5af303e30102x2o4.html
《捉妖记2》妖王回归阵容升级，跌…,http://blog.sina.com.cn/s/blog_5af303e30102x2me.html
《唐人街探案2》导而优则演的肖央…,http://blog.sina.com.cn/s/blog_5af303e30102x2md.html
这个春节档，观众急需吸睛范十足的…,http://blog.sina.com.cn/s/blog_5af303e30102x2m9.html
《红海行动》海清是勇敢畏惧的“战…,http://blog.sina.com.cn/s/blog_5af303e30102x2lx.html
《红海行动》海清是勇敢无惧的“战…,http://blog.sina.com.cn/s/blog_5af303e30102x2lw.html
《祖宗十九代》好笑又好玩 春…,http://blog.sina.com.cn/s/blog_5af303e30102x2kt.html
刘谦回归银屏，重现“见证奇迹的时…,http://blog.sina.com.cn/s/blog_5af303e30102x2k0.html
咸鱼翻身屌丝逆袭，《继承者计划》…,http://blog.sina.com.cn/s/blog_5af303e30102x2ij.html
咸鱼翻身屌丝逆袭，《继承者计划》…,http://blog.sina.com.cn/s/blog_5af303e30102x2ii.html
《西游记女儿国》降妖除魔不稀奇，…,http://blog.sina.com.cn/s/blog_5af303e30102x2fr.html
《金钱世界》想要赎金门都没有，有…,http://blog.sina.com.cn/s/blog_5af303e30102x2ed.html
《灵魂载体》当意识成为商品，你的…,http://blog.sina.com.cn/s/blog_5af303e30102x2cy.html
《一路繁花相送》繁花似梦似真，真…,http://blog.sina.com.cn/s/blog_5af303e30102x26h.html
给陈可辛《三分钟》，给观众一个感…,http://blog.sina.com.cn/s/blog_5af303e30102x233.html
《南极之恋》不靠颜值靠演技，赵又…,http://blog.sina.com.cn/s/blog_5af303e30102x1xt.html
《南极之恋》不靠颜值靠演技，赵又…,http://blog.sina.com.cn/s/blog_5af303e30102x1xs.html
《南极之恋》杨子姗用演技在极地绽…,http://blog.sina.com.cn/s/blog_5af303e30102x1xo.html
《南极之恋》杨子姗用演技在极地绽…,http://blog.sina.com.cn/s/blog_5af303e30102x1xp.html
《盲道》道出了李杨的用心良苦，道…,http://blog.sina.com.cn/s/blog_5af303e30102x1uo.html
《盲道》道出了李杨的用心良苦，道…,http://blog.sina.com.cn/s/blog_5af303e30102x1un.html
《狗狗的疯狂假期》旺旺来袭，狗狗…,http://blog.sina.com.cn/s/blog_5af303e30102x1ud.html
《狗狗的疯狂假期》旺旺来袭，狗狗…,http://blog.sina.com.cn/s/blog_5af303e30102x1ty.html
《和平饭店》陈数游走在生死的边缘…,http://blog.sina.com.cn/s/blog_5af303e30102x1ru.html
《和平饭店》陈数游走在生死的边缘…,http://blog.sina.com.cn/s/blog_5af303e30102x1rt.html
《无问西东》黄晓明是旧时代的“破…,http://blog.sina.com.cn/s/blog_5af303e30102x1dg.html
《无问西东》黄晓明是旧时代的“破…,http://blog.sina.com.cn/s/blog_5af303e30102x1dd.html
《奇迹男孩》奇迹如光，照亮迷茫的…,http://blog.sina.com.cn/s/blog_5af303e30102x12f.html
《奇迹男孩》奇迹如光，照亮迷茫的…,http://blog.sina.com.cn/s/blog_5af303e30102x12b.html
《嗨！前任》左手前任右手现任，一…,http://blog.sina.com.cn/s/blog_5af303e30102x113.html
透过《第一夫人》的眼睛，还原当年…,http://blog.sina.com.cn/s/blog_5af303e30102x111.html
《嗨！前任》左手前任右手现任，一…,http://blog.sina.com.cn/s/blog_5af303e30102x10u.html
《英雄本色2018》重现江湖兄弟情，…,http://blog.sina.com.cn/s/blog_5af303e30102x0x6.html
《英雄本色2018》重现江湖兄弟情，…,http://blog.sina.com.cn/s/blog_5af303e30102x0x5.html
《太空救援》精准还原历史，重现太…,http://blog.sina.com.cn/s/blog_5af303e30102x0tm.html
《卧底巨星》原来我们都被陈奕迅给…,http://blog.sina.com.cn/s/blog_5af303e30102x0tl.html
《太空救援》精准还原历史，重现太…,http://blog.sina.com.cn/s/blog_5af303e30102x0tg.html
《无问西东》致我们无处安放又终将…,http://blog.sina.com.cn/s/blog_5af303e30102x0p4.html
《我的青春遇见你》最美的青春遇到…,http://blog.sina.com.cn/s/blog_5af303e30102x0ow.html
《我的青春遇见你》最美的青春遇到…,http://blog.sina.com.cn/s/blog_5af303e30102x0oc.html
《杀无赦》开启潘多拉的魔盒，进入…,http://blog.sina.com.cn/s/blog_5af303e30102x0nl.html
《杀无赦》开启潘多拉的魔盒，进入…,http://blog.sina.com.cn/s/blog_5af303e30102x0nj.html
《虎啸龙吟》王东演绎司马孚的小忍…,http://blog.sina.com.cn/s/blog_5af303e30102x0mw.html
《勇敢者游戏：决战丛林》“吃鸡”难…,http://blog.sina.com.cn/s/blog_5af303e30102x0k6.html
《艳骨》一个群雄逐鹿的乱世，一场…,http://blog.sina.com.cn/s/blog_5af303e30102x0hk.html
《你说的都对》：言语犀利妙趣横生…,http://blog.sina.com.cn/s/blog_5af303e30102x0fw.html
特效饱满故事升级，《器灵Ⅱ…,http://blog.sina.com.cn/s/blog_5af303e30102x002.html
《前任3：再见前任》爱到尽头，覆…,http://blog.sina.com.cn/s/blog_5af303e30102wzzc.html
《二代妖精之今生有幸》打个昏天黑…,http://blog.sina.com.cn/s/blog_5af303e30102wzw8.html
《我叫黄国盛》脑洞大开附以天马行…,http://blog.sina.com.cn/s/blog_5af303e30102wztq.html
独具匠心统领美食，全新《锋味》大…,http://blog.sina.com.cn/s/blog_5af303e30102wzob.html
《心理罪之城市之光》光芒虽小可照…,http://blog.sina.com.cn/s/blog_5af303e30102wzna.html
演技对飙经典延续，《溏心风暴3》…,http://blog.sina.com.cn/s/blog_5af303e30102wzn0.html
《圣诞奇妙公司》圣诞老人的奇幻爆…,http://blog.sina.com.cn/s/blog_5af303e30102wzdg.html
《奇门遁甲》画风清奇古灵精怪，周…,http://blog.sina.com.cn/s/blog_5af303e30102wzcq.html
《奇门遁甲》左手武侠右手玄幻，一…,http://blog.sina.com.cn/s/blog_5af303e30102wzcj.html
《芳华》那段可歌可泣的岁月 …,http://blog.sina.com.cn/s/blog_5af303e30102wzc8.html
《大嫂》一个女人的黑帮史诗,http://blog.sina.com.cn/s/blog_5af303e30102wzay.html
《假如王子睡着了》陈柏霖化身“厨…,http://blog.sina.com.cn/s/blog_5af303e30102wz97.html
《至爱梵高·星空之谜》悲情天才的…,http://blog.sina.com.cn/s/blog_5af303e30102wz6u.html
“巨星不易”将为江苏卫视跨年准备惊…,http://blog.sina.com.cn/s/blog_5af303e30102wz5y.html
悬疑、推理、烧脑，《端脑》足以击…,http://blog.sina.com.cn/s/blog_5af303e30102wz5r.html
《泰囧》续集爆笑来袭，《这就是命…,http://blog.sina.com.cn/s/blog_5af303e30102wz06.html
《巨额来电》上当受骗只在一念之间,http://blog.sina.com.cn/s/blog_5af303e30102wyxl.html
凌潇肃火了 是真演员何必捆绑…,http://blog.sina.com.cn/s/blog_5af303e30102wypw.html
《追捕》暴力美学结硕果 经典…,http://blog.sina.com.cn/s/blog_5af303e30102wymj.html
《推理笔记》烧脑从头到尾 悬…,http://blog.sina.com.cn/s/blog_5af303e30102wyl4.html
《刺杀盖世太保》拨开厚重历史  再…,http://blog.sina.com.cn/s/blog_5af303e30102wydw.html
《侗族大歌》第四维爱情,http://blog.sina.com.cn/s/blog_5af303e30102wy7r.html
《恐袭波士顿》两声巨响，重现惊世…,http://blog.sina.com.cn/s/blog_5af303e30102wxsq.html
《拜见宫主大人》主人这是要上天的…,http://blog.sina.com.cn/s/blog_5af303e30102wxjg.html
《碧海雄心》无惧惊涛骇浪 只…,http://blog.sina.com.cn/s/blog_5af303e30102wxi4.html
《猪太狼的夏天》小小朱老师 …,http://blog.sina.com.cn/s/blog_5af303e30102wxgf.html
《你好，旧时光》振华，我来了,http://blog.sina.com.cn/s/blog_5af303e30102wxev.html
《天生不对》怼成一对 作为光…,http://blog.sina.com.cn/s/blog_5af303e30102wxdi.html
《烽火芳菲》战火纷飞路 乱世…,http://blog.sina.com.cn/s/blog_5af303e30102wx8y.html
《爱情邮局》分手三年再相见 …,http://blog.sina.com.cn/s/blog_5af303e30102wwzt.html
《情满四合院》郝蕾演绎苦命女人的…,http://blog.sina.com.cn/s/blog_5af303e30102wwz2.html
相见时难别亦难《因为爱情》续前缘,http://blog.sina.com.cn/s/blog_5af303e30102wwxd.html
徜徉在《蔚蓝50米》的泳池里 …,http://blog.sina.com.cn/s/blog_5af303e30102wwsv.html
《三块大洋，她把她丈夫的命交了出…,http://blog.sina.com.cn/s/blog_5af303e30102wws7.html
《胡杨的夏天》爱情的百转千回和万…,http://blog.sina.com.cn/s/blog_5af303e30102wwpm.html
消失爱人鬼魅闪现《蝴蝶公墓》悬念…,http://blog.sina.com.cn/s/blog_5af303e30102wwp9.html
《情遇曼哈顿》李媛的帅气让人回味…,http://blog.sina.com.cn/s/blog_5af303e30102wwlq.html
《时间去哪儿了》关乎于时间的奇妙…,http://blog.sina.com.cn/s/blog_5af303e30102wwkt.html
《我的爸爸是森林之王》爱与成长并…,http://blog.sina.com.cn/s/blog_5af303e30102wwkf.html
《恐怖电影院2》吓死人不偿命的影…,http://blog.sina.com.cn/s/blog_5af303e30102wwdv.html
人神共谱高能恋曲《有言在仙》不简…,http://blog.sina.com.cn/s/blog_5af303e30102wwbz.html
从相识相捧到相爱相杀，《情遇曼哈…,http://blog.sina.com.cn/s/blog_5af303e30102wwby.html
国产喜剧IP炸翻影院 拳拳都是笑点,http://blog.sina.com.cn/s/blog_5af303e30102wwat.html
“话剧女王”陈数以《海上夫人》霸气…,http://blog.sina.com.cn/s/blog_5af303e30102ww4j.html
一寸山河一寸血，《捍卫者》尽展中…,http://blog.sina.com.cn/s/blog_5af303e30102ww24.html
反常规反套路反人设，《使徒行者2…,http://blog.sina.com.cn/s/blog_5af303e30102ww1d.html
精彩堪比“24小时”《极致追击》一追…,http://blog.sina.com.cn/s/blog_5af303e30102ww00.html
《英伦对决》成龙大哥出马，降服00…,http://blog.sina.com.cn/s/blog_5af303e30102wvyb.html
《地灵曲》盗灵笔记之寻灵诀,http://blog.sina.com.cn/s/blog_5af303e30102wvpl.html
《空天猎》我们都是飞行军 哪…,http://blog.sina.com.cn/s/blog_5af303e30102wvle.html
《人间至味是清欢》林鹏是悲情路上…,http://blog.sina.com.cn/s/blog_5af303e30102wvk4.html
《蜘蛛侠：英雄归来》上天入地无所…,http://blog.sina.com.cn/s/blog_5af303e30102wvby.html
《那年花开月正圆》一个动荡的年代…,http://blog.sina.com.cn/s/blog_5af303e30102wv62.html
《黑白迷宫》无解的死局相伴绝望的…,http://blog.sina.com.cn/s/blog_5af303e30102wv5n.html
左手飙车右手撩妹，《极盗车神》不…,http://blog.sina.com.cn/s/blog_5af303e30102wv3z.html
《星际特工：千星之城》宇宙级的观…,http://blog.sina.com.cn/s/blog_5af303e30102wv2q.html
小《河神》李现，从痞帅男神到全民…,http://blog.sina.com.cn/s/blog_5af303e30102wv0q.html
“速八”之后，这部《极盗车神》足够…,http://blog.sina.com.cn/s/blog_5af303e30102wuzz.html
为爱奋不顾身的曲尼次仁就是那《皮…,http://blog.sina.com.cn/s/blog_5af303e30102wux0.html
《十万个冷笑话2》十万次的爆笑体…,http://blog.sina.com.cn/s/blog_5af303e30102wuwz.html
《破局》你在明我在暗，猫鼠游戏开…,http://blog.sina.com.cn/s/blog_5af303e30102wuvq.html
《秦时丽人明月心》大女主虐恋秦始…,http://blog.sina.com.cn/s/blog_5af303e30102wuuu.html
《深海利剑》潜艇兵的“大爱”隐秘而…,http://blog.sina.com.cn/s/blog_5af303e30102wusq.html
廖凡是被《心理罪》拷问的爆裂刑警,http://blog.sina.com.cn/s/blog_5af303e30102wur3.html
《心理罪》李易峰是血雨腥风中的引…,http://blog.sina.com.cn/s/blog_5af303e30102wuqr.html
《心理罪》心里有鬼，蠢蠢欲动,http://blog.sina.com.cn/s/blog_5af303e30102wuqk.html
除了《战狼2》，这部《龙之战》同…,http://blog.sina.com.cn/s/blog_5af303e30102wun9.html
《诡域新娘》复仇迷案延续百年 凶…,http://blog.sina.com.cn/s/blog_5af303e30102wumf.html
《三生三世十里桃花》杨洋之后&nbs…,http://blog.sina.com.cn/s/blog_5af303e30102wul9.html
《父子雄兵》张艺骞是以小博大的典…,http://blog.sina.com.cn/s/blog_5af303e30102wukv.html
《豆福传》：百练方能成仙，梦想创…,http://blog.sina.com.cn/s/blog_5af303e30102wui0.html
《战狼2》：又燃又狠又给力 …,http://blog.sina.com.cn/s/blog_5af303e30102wueg.html
从夏琳到子君，马伊琍的十年演艺路,http://blog.sina.com.cn/s/blog_5af303e30102wucm.html
《上古情歌》张俪略施粉黛惊为天人,http://blog.sina.com.cn/s/blog_5af303e30102wuc1.html
《闪光少女》彭昱畅化身温情“男闺…,http://blog.sina.com.cn/s/blog_5af303e30102wu9z.html
《父子雄兵》相捧相爱又相杀 …,http://blog.sina.com.cn/s/blog_5af303e30102wu91.html
《恐怖毕业照2》离奇、悬疑、烧脑…,http://blog.sina.com.cn/s/blog_5af303e30102wu8x.html
《阿唐奇遇》茶宠大冒险 萌动…,http://blog.sina.com.cn/s/blog_5af303e30102wu8j.html
《S的秘密》爱情保鲜的终极奥秘,http://blog.sina.com.cn/s/blog_5af303e30102wu7v.html
《绣春刀·修罗战场》权谋进行时&nb…,http://blog.sina.com.cn/s/blog_5af303e30102wu7l.html
别摆老资格啦！如果不看这部《绿野…,http://blog.sina.com.cn/s/blog_5af303e30102wu6r.html
《悟空传》粉身碎骨全不怕 誓…,http://blog.sina.com.cn/s/blog_5af303e30102wu6q.html
“摸金二代”青春感爆棚 暑期冒…,http://blog.sina.com.cn/s/blog_5af303e30102wu5f.html
《闪光少女》有梦就去做 有理…,http://blog.sina.com.cn/s/blog_5af303e30102wu58.html
炎炎夏日唯有《喵星人》才是解暑上…,http://blog.sina.com.cn/s/blog_5af303e30102wu42.html
这部破次元时尚喜剧在哪播？我要先…,http://blog.sina.com.cn/s/blog_5af303e30102wu2x.html
《夏至未至》那个男孩教我成长 那…,http://blog.sina.com.cn/s/blog_5af303e30102wu2g.html
《青禾男高》拒绝套路开启暴力青春…,http://blog.sina.com.cn/s/blog_5af303e30102wu05.html
《青春逗》以逗为名的青春残酷物语,http://blog.sina.com.cn/s/blog_5af303e30102wtzp.html
看完《血战湘江》，才明白中国的战…,http://blog.sina.com.cn/s/blog_5af303e30102wtxc.html
《太行英雄传》良心好剧缔造收视传…,http://blog.sina.com.cn/s/blog_5af303e30102wtx0.html
《绝世高手》左手怀旧右手颠覆&nbs…,http://blog.sina.com.cn/s/blog_5af303e30102wtwv.html
《复合大师》期待成为现实的那天,http://blog.sina.com.cn/s/blog_5af303e30102wtwu.html
《逆时营救》穿梭时空扭转乾坤,http://blog.sina.com.cn/s/blog_5af303e30102wtt5.html
争议不断 票房炸裂 《变…,http://blog.sina.com.cn/s/blog_5af303e30102wtsx.html
《楚乔传》九幽台的一场戏，窦骁的…,http://blog.sina.com.cn/s/blog_5af303e30102wts2.html
《引爆者》残酷到窒息的黑色盛宴,http://blog.sina.com.cn/s/blog_5af303e30102wtrt.html
《与君相恋100次》用我一生爱你一…,http://blog.sina.com.cn/s/blog_5af303e30102wtqk.html
《缉枪》敢打敢拼的热依扎带来太多…,http://blog.sina.com.cn/s/blog_5af303e30102wtnv.html
《反转人生》送你19个愿望 帮…,http://blog.sina.com.cn/s/blog_5af303e30102wtlq.html
《我是马布里》老骥伏枥 志在千里,http://blog.sina.com.cn/s/blog_5af303e30102wtkn.html
《缉枪》缉的是人 寻的是枪,http://blog.sina.com.cn/s/blog_5af303e30102wtkc.html
《深夜食堂》用暖心美食治愈你的忧…,http://blog.sina.com.cn/s/blog_5af303e30102wtj8.html
《上古情歌》特效赞 主演靓&n…,http://blog.sina.com.cn/s/blog_5af303e30102wthp.html
《52赫兹，我爱你》忘却烦恼的快乐…,http://blog.sina.com.cn/s/blog_5af303e30102wtfk.html
《最好的安排》：不早不晚，来的正…,http://blog.sina.com.cn/s/blog_5af303e30102wtdf.html
《女人永远是对的》为女人干杯喝彩,http://blog.sina.com.cn/s/blog_5af303e30102wtbp.html
《我心雀跃》青春的懵懂与狂想,http://blog.sina.com.cn/s/blog_5af303e30102wtab.html
《内心引力》内心的强大才是真正的…,http://blog.sina.com.cn/s/blog_5af303e30102wtaa.html
《李雷和韩梅梅》青春片的正确打开…,http://blog.sina.com.cn/s/blog_5af303e30102wt72.html
《神奇女侠》强势登场 DC打出…,http://blog.sina.com.cn/s/blog_5af303e30102wt6b.html
《荡寇风云》赵文卓演绎有血有肉的…,http://blog.sina.com.cn/s/blog_5af303e30102wt3w.html
毁誉参半的《思美人》，不妨看完全…,http://blog.sina.com.cn/s/blog_5af303e30102wt0v.html
《美好的意外》一好一坏是生活的转…,http://blog.sina.com.cn/s/blog_5af303e30102wsz5.html
《迷失战纪》远古时期的“诸神之战”…,http://blog.sina.com.cn/s/blog_5af303e30102wsyf.html
《荡寇风云》跟着戚继光去抗日,http://blog.sina.com.cn/s/blog_5af303e30102wsxq.html
《临时演员》绿叶逆袭红花 开…,http://blog.sina.com.cn/s/blog_5af303e30102wswk.html
《“吃吃”的爱》科幻与爱情齐飞&nbs…,http://blog.sina.com.cn/s/blog_5af303e30102wsv9.html
《20:16》吴俊余勇于挑战再现传奇…,http://blog.sina.com.cn/s/blog_5af303e30102wsss.html
《抢红》从演员到导演，黎明也成了…,http://blog.sina.com.cn/s/blog_5af303e30102wss6.html
今天是520，《美容针》教你辨识爱…,http://blog.sina.com.cn/s/blog_5af303e30102wsqe.html
从《不期而遇》到张亮的跨界演员路,http://blog.sina.com.cn/s/blog_5af303e30102wsps.html
《择天记》陈数厚积薄发演绎霸气女…,http://blog.sina.com.cn/s/blog_5af303e30102wspp.html
《择天记》：原来，我一直是你故事…,http://blog.sina.com.cn/s/blog_5af303e30102wson.html
《20：16》命运只是说说而已，成功…,http://blog.sina.com.cn/s/blog_5af303e30102wsnm.html
《守护者：世纪战元》战斗民族的爆…,http://blog.sina.com.cn/s/blog_5af303e30102wsn5.html
《当怪物来敲门》走心佳作远比科幻…,http://blog.sina.com.cn/s/blog_5af303e30102wsl4.html
《以爱为名》爱情就是“不忘初心”的…,http://blog.sina.com.cn/s/blog_5af303e30102wsje.html
《麻烦家族》海清身兼数职开启彪悍…,http://blog.sina.com.cn/s/blog_5af303e30102wsfx.html
《提着心吊着胆》黑色、激情、烧脑…,http://blog.sina.com.cn/s/blog_5af303e30102wsd9.html
《喜欢你》奚梦瑶神似佳肴形似美酒,http://blog.sina.com.cn/s/blog_5af303e30102ws61.html
《嗨如花》校园女孩的“另类”成功路…,http://blog.sina.com.cn/s/blog_5af303e30102ws4x.html
《喜欢你》周冬雨率真随性演活呆萌…,http://blog.sina.com.cn/s/blog_5af303e30102ws2l.html
《记忆大师》杨子姗是隐藏的智慧担…,http://blog.sina.com.cn/s/blog_5af303e30102ws1b.html
《记忆大师》凶手在我梦里 我…,http://blog.sina.com.cn/s/blog_5af303e30102wryn.html
《麻烦家族》生活就是矛盾与冲突的…,http://blog.sina.com.cn/s/blog_5af303e30102wrw3.html
《吃光全宇宙》美女加美味 美…,http://blog.sina.com.cn/s/blog_5af303e30102wrtb.html
《被催眠的催眠师》民国“福尔摩斯”…,http://blog.sina.com.cn/s/blog_5af303e30102wrrs.html
《傲娇与偏见》奏响新时代的男欢女…,http://blog.sina.com.cn/s/blog_5af303e30102wrpe.html
书、影视、平台“三位一体” 春…,http://blog.sina.com.cn/s/blog_5af303e30102wrmn.html
《指甲刀人魔》周冬雨天性使然令角…,http://blog.sina.com.cn/s/blog_5af303e30102wrmi.html
天悦东方发布重磅影视IP四部曲&nbs…,http://blog.sina.com.cn/s/blog_5af303e30102wrm7.html
《剃刀边缘》马伊琍八面玲珑演绎另…,http://blog.sina.com.cn/s/blog_5af303e30102wrlx.html
欠星爷的不是电影票而是这部电影,http://blog.sina.com.cn/s/blog_5af303e30102wrlj.html
《绣春刀·修罗战场》蛰伏三年&nbsp…,http://blog.sina.com.cn/s/blog_5af303e30102wrl5.html
《指甲刀人魔》伍迪·艾伦式情爱喜…,http://blog.sina.com.cn/s/blog_5af303e30102wrjk.html
“速8”碾压来袭，《神秘家族》扛起…,http://blog.sina.com.cn/s/blog_5af303e30102wrjg.html
《血狼犬》为了一条狗 哭成一条狗,http://blog.sina.com.cn/s/blog_5af303e30102wrgb.html
《攻壳机动队》未来世界的全新构建…,http://blog.sina.com.cn/s/blog_5af303e30102wre3.html
《嫌疑人X的献身》张鲁一努力创造…,http://blog.sina.com.cn/s/blog_5af303e30102wrb1.html
从《嫌疑人X的献身》到苏有朋的跨…,http://blog.sina.com.cn/s/blog_5af303e30102wraz.html
《怨灵宿舍之人偶老师》杀戮的延续…,http://blog.sina.com.cn/s/blog_5af303e30102wr7f.html
《非凡任务》中国版“杰森.伯恩”一…,http://blog.sina.com.cn/s/blog_5af303e30102wr5t.html
《金刚：骷髅岛》史前生物组团来袭…,http://blog.sina.com.cn/s/blog_5af303e30102wr4b.html
岳云鹏怒怼郭德纲 电影《欢乐…,http://blog.sina.com.cn/s/blog_5af303e30102wr05.html
《怨灵宿舍之白纸女生》厉鬼缠身 …,http://blog.sina.com.cn/s/blog_5af303e30102wqn3.html
《走出尘埃》：凤凰涅槃 浴火重生,http://blog.sina.com.cn/s/blog_5af303e30102wqmg.html
《玛格丽特的春天》爱是包容还是妥…,http://blog.sina.com.cn/s/blog_5af303e30102wq9z.html
《一条狗的使命》穿越四生四世只为…,http://blog.sina.com.cn/s/blog_5af303e30102wq6f.html
《碟仙诡谭2》：碟仙归来 大杀四方,http://blog.sina.com.cn/s/blog_5af303e30102wq5o.html
《通灵姐妹》密室求生 鬼娃虐恋 这…,http://blog.sina.com.cn/s/blog_5af303e30102wq2s.html
《惊魂绣花鞋》：当绣花鞋成为“真…,http://blog.sina.com.cn/s/blog_5af303e30102wplx.html
情人节唯一爱情喜剧《疯岳撬佳人》…,http://blog.sina.com.cn/s/blog_5af303e30102wplp.html
《决战食神》人生是一碗黯然销魂面,http://blog.sina.com.cn/s/blog_5af303e30102wphs.html
《遊戏规则》黄子韬义薄云天演绎悲…,http://blog.sina.com.cn/s/blog_5af303e30102wphr.html
《爱乐之城》轻歌曼舞中诠释爱的真…,http://blog.sina.com.cn/s/blog_5af303e30102wphm.html
《少年锦衣卫》自古英雄出少年,http://blog.sina.com.cn/s/blog_5af303e30102wpew.html
双重人生的两难抉择,http://blog.sina.com.cn/s/blog_5af303e30102wpci.html
《萤火奇兵》让孩子学会在逆境中成…,http://blog.sina.com.cn/s/blog_5af303e30102wp9g.html
《东北往事之破马张飞》：小人物的…,http://blog.sina.com.cn/s/blog_5af303e30102wp5v.html
《乘风破浪》：这很喜剧，也很韩寒,http://blog.sina.com.cn/s/blog_5af303e30102wp3f.html
当年的“珍珠传奇”，当下的《大唐荣…,http://blog.sina.com.cn/s/blog_5af303e30102wp33.html
《西游伏妖篇》脑洞逆天 炫酷…,http://blog.sina.com.cn/s/blog_5af303e30102wp2x.html
《健忘村》：脑洞大开的奇幻喜剧,http://blog.sina.com.cn/s/blog_5af303e30102wp1u.html
元宵档硝烟弥漫《遊戏规则》率先应…,http://blog.sina.com.cn/s/blog_5af303e30102woz0.html
《了不起的菲丽西》：梦想不灭&nbs…,http://blog.sina.com.cn/s/blog_5af303e30102woyy.html
《孤芳不自赏》：爱恨交织又欲罢不…,http://blog.sina.com.cn/s/blog_5af303e30102woq2.html
《触不到的TA》：隔空上演跨次元对…,http://blog.sina.com.cn/s/blog_5af303e30102wono.html
《太空旅客》：满屏都是“黑科技”,http://blog.sina.com.cn/s/blog_5af303e30102wong.html
《星球大战外传：侠盗一号》：惊喜…,http://blog.sina.com.cn/s/blog_5af303e30102wohg.html
《超能龙骑侠》：让孩子体会成长的…,http://blog.sina.com.cn/s/blog_5af303e30102wo7x.html
《不能说的秘密》音乐剧  带给你不…,http://blog.sina.com.cn/s/blog_5af303e30102wo2v.html
不靠运气靠实力  演员的…,http://blog.sina.com.cn/s/blog_5af303e30102wo2b.html
《那年夏天你去了哪里》：布局十二…,http://blog.sina.com.cn/s/blog_5af303e30102wnzy.html
《西游伏妖篇》亲吻、捆绑，看了预…,http://blog.sina.com.cn/s/blog_5af303e30102wnzs.html
《掠夺者》被人牵着鼻子走，这滋味…,http://blog.sina.com.cn/s/blog_5af303e30102wnz4.html
《网商》：看看大佬的经历  你会明…,http://blog.sina.com.cn/s/blog_5af303e30102wnwd.html
《微能力者》：这部网剧我给满分,http://blog.sina.com.cn/s/blog_5af303e30102wnrn.html
鹿晗用作品说话，从鲜肉蜕变为先生,http://blog.sina.com.cn/s/blog_5af303e30102wnqg.html
没有忘忧草，你还可以试试这种方法…,http://blog.sina.com.cn/s/blog_5af303e30102wnqd.html
《无间道》：再燃传奇  再续经典,http://blog.sina.com.cn/s/blog_5af303e30102wnq7.html
《摆渡人》：Angelababy从女汉子进…,http://blog.sina.com.cn/s/blog_5af303e30102wnk6.html
《恐怖理发店》Word天呀！以后再也…,http://blog.sina.com.cn/s/blog_5af303e30102wnak.html
《长城》：景甜演绎林梅的果敢与坚…,http://blog.sina.com.cn/s/blog_5af303e30102wn9a.html
《罗曼蒂克消亡史》：杜江演绎小人…,http://blog.sina.com.cn/s/blog_5af303e30102wn5y.html
《少年》：我的生命里只有“复仇”二…,http://blog.sina.com.cn/s/blog_5af303e30102wn4y.html
《呆呆计划》：心思极密的烧脑之作,http://blog.sina.com.cn/s/blog_5af303e30102wmzn.html
《爱上试睡师》：奇葩职业背后的玄…,http://blog.sina.com.cn/s/blog_5af303e30102wmtd.html
《血战钢锯岭》梅尔吉布森利刃出鞘…,http://blog.sina.com.cn/s/blog_5af303e30102wmpe.html
《超级快递》陈赫总能带来更多惊喜,http://blog.sina.com.cn/s/blog_5af303e30102wmnu.html
《三少爷的剑》：尔冬升联手徐克再…,http://blog.sina.com.cn/s/blog_5af303e30102wmmg.html
《超级快递》：卖萌与耍宝齐飞&nbs…,http://blog.sina.com.cn/s/blog_5af303e30102wmi2.html
《冲天火》：林岭东携男神天团爆燃…,http://blog.sina.com.cn/s/blog_5af303e30102wmcu.html
《我不是潘金莲》：李宗翰令人爱恨…,http://blog.sina.com.cn/s/blog_5af303e30102wmbh.html
《名侦探柯南：纯黑的恶梦》新瓶装…,http://blog.sina.com.cn/s/blog_5af303e30102wmay.html
《最萌身高差》：身高背后是爱情的…,http://blog.sina.com.cn/s/blog_5af303e30102wma9.html
《勇士之门》：合拍片就得这么拍,http://blog.sina.com.cn/s/blog_5af303e30102wm60.html
《我不是潘金莲》：范冰冰内心倔强…,http://blog.sina.com.cn/s/blog_5af303e30102wm4u.html
寒冷的冬日，应该这样度过,http://blog.sina.com.cn/s/blog_5af303e30102wm2g.html
《妖出长安》：穿越重重迷雾  只为…,http://blog.sina.com.cn/s/blog_5af303e30102wm16.html
《比利·林恩的中场战事》：李安的…,http://blog.sina.com.cn/s/blog_5af303e30102wlyc.html
又污又辣眼的阿拉丁来了,http://blog.sina.com.cn/s/blog_5af303e30102wly1.html
《怨灵地下室》：福利院中诡计多&n…,http://blog.sina.com.cn/s/blog_5af303e30102wlx0.html
《捉迷藏》：秦海璐的反派角色到位…,http://blog.sina.com.cn/s/blog_5af303e30102wlvo.html
笑对挫折和韩寒一起《乘风破浪》,http://blog.sina.com.cn/s/blog_5af303e30102wluj.html
《咱们相爱吧》：结婚容易，相爱难…,http://blog.sina.com.cn/s/blog_5af303e30102wlu5.html
《欢喜密探》：古有韦小宝 &n…,http://blog.sina.com.cn/s/blog_5af303e30102wlpx.html
《盛先生的花儿》：我们就这样各自…,http://blog.sina.com.cn/s/blog_5af303e30102wlnu.html
《非常父子档》：妈妈在，可爸爸去…,http://blog.sina.com.cn/s/blog_5af303e30102wlmi.html
《三界奇侠传》：穿越时空点燃世纪…,http://blog.sina.com.cn/s/blog_5af303e30102wlkm.html
悲喜之间，刘帅良诠释周铁男的双面…,http://blog.sina.com.cn/s/blog_5af303e30102wlj3.html
《脑残粉》：本是同根生，相煎何太…,http://blog.sina.com.cn/s/blog_5af303e30102wlhy.html
《但丁密码》：汤姆·汉克斯带你拯…,http://blog.sina.com.cn/s/blog_5af303e30102wlhm.html
结尾改动不小，但《育婴室》仍是一…,http://blog.sina.com.cn/s/blog_5af303e30102wlh9.html
《了不起的孩子》：孩子成主角明星…,http://blog.sina.com.cn/s/blog_5af303e30102wlfj.html
《魔发精灵》：非比寻常的奇妙旅程,http://blog.sina.com.cn/s/blog_5af303e30102wleu.html
《小明和他的小伙伴们》：逼上梁山…,http://blog.sina.com.cn/s/blog_5af303e30102wld7.html
《一句顶一万句》：我们不该孤独一…,http://blog.sina.com.cn/s/blog_5af303e30102wlcd.html
《聊斋新编之画皮新娘》：原汁原味…,http://blog.sina.com.cn/s/blog_5af303e30102wlaz.html
《驴得水》：你以为这只是一部喜剧…,http://blog.sina.com.cn/s/blog_5af303e30102wlay.html
《侠探杰克：永不回头》：烟花易冷…,http://blog.sina.com.cn/s/blog_5af303e30102wl97.html
《惊天破》：烧脑的迷局远没有终点,http://blog.sina.com.cn/s/blog_5af303e30102wl93.html
《双刺》：这剧只重演技不重颜值,http://blog.sina.com.cn/s/blog_5af303e30102wl8f.html
看这部片子  你的心脏受得了吗？,http://blog.sina.com.cn/s/blog_5af303e30102wl3y.html
《法医秦明》：当代“宋慈”再续“洗…,http://blog.sina.com.cn/s/blog_5af303e30102wl36.html
《法医秦明》：当代“宋慈”再续“洗…,http://blog.sina.com.cn/s/blog_5af303e30102wl37.html
光景映画揭开面纱   蛰伏三年终现“…,http://blog.sina.com.cn/s/blog_5af303e30102wl2j.html
光景映画揭开面纱  &nbs…,http://blog.sina.com.cn/s/blog_5af303e30102wl2f.html
《暗杀游戏》：震颤人心的屠戮盛宴,http://blog.sina.com.cn/s/blog_5af303e30102wkzc.html
《暗杀游戏》：震颤人心的屠戮盛宴,http://blog.sina.com.cn/s/blog_5af303e30102wkza.html
《爱神箭》：爱情的饕餮盛宴,http://blog.sina.com.cn/s/blog_5af303e30102wkxz.html
《爱神箭》：爱情的饕餮盛宴,http://blog.sina.com.cn/s/blog_5af303e30102wkxp.html
《黑处有什么》:青春的懵懂与猜想,http://blog.sina.com.cn/s/blog_5af303e30102wkvx.html
《从你的全世界路过》白百何微微一…,http://blog.sina.com.cn/s/blog_5af303e30102wkmt.html
《从你的全世界路过》也从杨洋的转…,http://blog.sina.com.cn/s/blog_5af303e30102wkm1.html
《湄公河行动》：犯我中华者虽远必…,http://blog.sina.com.cn/s/blog_5af303e30102wkkm.html
《湄公河行动》：毒枭糯康的庭审记…,http://blog.sina.com.cn/s/blog_5af303e30102wkjj.html
《爵迹》：恍如初见win95,http://blog.sina.com.cn/s/blog_5af303e30102wkj5.html
《王牌逗王牌》：岂止是王牌 …,http://blog.sina.com.cn/s/blog_5af303e30102wkci.html
《樱桃小丸子：来自意大利的少年》…,http://blog.sina.com.cn/s/blog_5af303e30102wk3q.html
《234说爱你》：爱情面前玩火必自…,http://blog.sina.com.cn/s/blog_5af303e30102wk3e.html
《巴黎危机》：高能组合对决恐怖危…,http://blog.sina.com.cn/s/blog_5af303e30102wjys.html
《七月与安生》：周冬雨完美诠释性…,http://blog.sina.com.cn/s/blog_5af303e30102wjtw.html
《大话西游3》：刘镇伟放大招了！…,http://blog.sina.com.cn/s/blog_5af303e30102wjqu.html
《追凶者也》：曹保平的火力全开之…,http://blog.sina.com.cn/s/blog_5af303e30102wjp5.html
《魔法老师》：给你十天，做做天神,http://blog.sina.com.cn/s/blog_5af303e30102wjcs.html
《傻根进城》：理想与现实的碰撞  …,http://blog.sina.com.cn/s/blog_5af303e30102wjbh.html
《傻根进城》：理想与现实的碰撞&n…,http://blog.sina.com.cn/s/blog_5af303e30102wjbm.html
《星际迷航3：超越星辰》：一部值…,http://blog.sina.com.cn/s/blog_5af303e30102wj1e.html
VIP尊贵新体验：没想到你竟然是这…,http://blog.sina.com.cn/s/blog_5af303e30102wiz0.html
海清送孩子“避孕套” 家长们也…,http://blog.sina.com.cn/s/blog_5af303e30102wiyz.html
海清送孩子“避孕套”  家长们也该想…,http://blog.sina.com.cn/s/blog_5af303e30102wiyw.html
《喊·山》：看不见的原罪，听得到…,http://blog.sina.com.cn/s/blog_5af303e30102wifl.html
《花样厨神》花样秀起的父子情也是…,http://blog.sina.com.cn/s/blog_5af303e30102widy.html
《他是龙》：魔幻的色彩 &nbs…,http://blog.sina.com.cn/s/blog_5af303e30102whvd.html
《夜半哭声》：“弗兰肯斯坦”和“荒…,http://blog.sina.com.cn/s/blog_5af303e30102who3.html
《微微一笑很倾城》：Angelababy的…,http://blog.sina.com.cn/s/blog_5af303e30102whh3.html
《诺亚方舟漂流记》：熊孩子去哪爸…,http://blog.sina.com.cn/s/blog_5af303e30102whdn.html
《微微一笑很倾城》：感受顾漫的“…,http://blog.sina.com.cn/s/blog_5af303e30102whch.html
硬马硬桥真功夫、侠之大者真性情，…,http://blog.sina.com.cn/s/blog_5af303e30102whb4.html
《使徒行者》：“余罪”电影版这么拍…,http://blog.sina.com.cn/s/blog_5af303e30102wh9l.html
《谎言西西里》：用“谎言”诠释爱与…,http://blog.sina.com.cn/s/blog_5af303e30102wh7c.html
摘掉“谋女郎”的光环  周…,http://blog.sina.com.cn/s/blog_5af303e30102wh4c.html
《白雪公主和三只小猪》：经典合体…,http://blog.sina.com.cn/s/blog_5af303e30102wh2n.html
一言不合就拔刀  井柏然…,http://blog.sina.com.cn/s/blog_5af303e30102wgyw.html
《盗墓笔记》：暑期档霸主终现金身,http://blog.sina.com.cn/s/blog_5af303e30102wgvx.html
《我最好朋友的婚礼》：早知今日何…,http://blog.sina.com.cn/s/blog_5af303e30102wgmk.html
《杀死记忆》：穿越时空开启夺命旅…,http://blog.sina.com.cn/s/blog_5af303e30102wgmd.html
《杀死记忆》：穿越时空开启夺命旅…,http://blog.sina.com.cn/s/blog_5af303e30102wgm7.html
《夏有乔木雅望天堂》：青春的残酷…,http://blog.sina.com.cn/s/blog_5af303e30102wgie.html
《神秘世界历险记3》：陌生的世界…,http://blog.sina.com.cn/s/blog_5af303e30102wg7q.html
《六弄咖啡馆》：爱上一个不该爱的…,http://blog.sina.com.cn/s/blog_5af303e30102wfz0.html
《幻城》：圆郭敬明一个十二年的梦,http://blog.sina.com.cn/s/blog_5af303e30102wftx.html
《哆啦A梦：新·大雄的日本诞生》：…,http://blog.sina.com.cn/s/blog_5af303e30102wfnh.html
《巴霍巴利王》：印度战神爆燃开挂…,http://blog.sina.com.cn/s/blog_5af303e30102wfng.html
《天亮之前》：用我一生  换你一夜,http://blog.sina.com.cn/s/blog_5af303e30102wfha.html
《神犬小七》:萌死人的“小七”又来…,http://blog.sina.com.cn/s/blog_5af303e30102wf7q.html
《神犬小七》:萌死人的“小七”又来…,http://blog.sina.com.cn/s/blog_5af303e30102wf7n.html
《刺猬小子之天生我刺》：天生我刺…,http://blog.sina.com.cn/s/blog_5af303e30102wf3g.html
《致青春：原来你还在这里》：李梦…,http://blog.sina.com.cn/s/blog_5af303e30102wf1v.html
《陆垚知马俐》：跨世纪的恋爱马拉…,http://blog.sina.com.cn/s/blog_5af303e30102weze.html
《惊天大逆转》：男神对垒 &n…,http://blog.sina.com.cn/s/blog_5af303e30102wexu.html
《超级保镖》：拳拳到肉腿腿入骨的…,http://blog.sina.com.cn/s/blog_5af303e30102weti.html
《笔仙撞碟仙》：双鬼合体 无…,http://blog.sina.com.cn/s/blog_5af303e30102weoh.html
《致青春：原来你还在这里》：找寻…,http://blog.sina.com.cn/s/blog_5af303e30102wemx.html
《发条城市》：修睿乃粗犷男神是也,http://blog.sina.com.cn/s/blog_5af303e30102wemq.html
《咱们穿越吧》：明星真人秀节目的…,http://blog.sina.com.cn/s/blog_5af303e30102wejy.html
《发条城市》：三个臭皮匠赛过诸葛…,http://blog.sina.com.cn/s/blog_5af303e30102weea.html
《忍者神龟2》： 史上最丑的…,http://blog.sina.com.cn/s/blog_5af303e30102we8b.html
《仙剑云之凡》：熟悉的配方 …,http://blog.sina.com.cn/s/blog_5af303e30102we3g.html
《解密》：鲜肉当道  谍…,http://blog.sina.com.cn/s/blog_5af303e30102we3d.html
《魔轮》：生存当道  人…,http://blog.sina.com.cn/s/blog_5af303e30102we0m.html
《三人行》：杜琪峰化身罗贯中&nbs…,http://blog.sina.com.cn/s/blog_5af303e30102wdpp.html
标哥到底用什么方式减肥的？为什么…,http://blog.sina.com.cn/s/blog_5af303e30102wd42.html
标哥到底用什么方式减肥的？为什么…,http://blog.sina.com.cn/s/blog_5af303e30102wd40.html
《余罪》：继“太子妃”和“上瘾”后“…,http://blog.sina.com.cn/s/blog_5af303e30102wcyt.html
《余罪》：继“太子妃”和“上瘾”后“…,http://blog.sina.com.cn/s/blog_5af303e30102wcys.html
《余罪》：继“太子妃”和“上瘾”后“…,http://blog.sina.com.cn/s/blog_5af303e30102wcyr.html
《魔兽》：无论“铁粉”还是“路人”它…,http://blog.sina.com.cn/s/blog_5af303e30102wcuq.html
《糖果世界大冒险》：冒险就像舞台…,http://blog.sina.com.cn/s/blog_5af303e30102wc4b.html
《小蚂蚁之环球大冒险》：礼物在手…,http://blog.sina.com.cn/s/blog_5af303e30102wc1y.html
《山那边有匹马》：重温“三千里寻…,http://blog.sina.com.cn/s/blog_5af303e30102wbze.html
《山那边有匹马》：重温“三千里寻…,http://blog.sina.com.cn/s/blog_5af303e30102wbzc.html
《钢刀》：“阿甘”这个导演真任性,http://blog.sina.com.cn/s/blog_5af303e30102wbmy.html
《分歧者3：忠诚世界》：叫板“愤怒…,http://blog.sina.com.cn/s/blog_5af303e30102wblz.html
《幻体：续命游戏》：身体都换了你…,http://blog.sina.com.cn/s/blog_5af303e30102wayc.html
《判我有罪》：超现实主义与医疗黑…,http://blog.sina.com.cn/s/blog_5af303e30102wavw.html
《再见，在也不见》：是在也不见还…,http://blog.sina.com.cn/s/blog_5af303e30102waux.html
《小蚂蚁之环球大冒险》：孩子的六…,http://blog.sina.com.cn/s/blog_5af303e30102waoh.html
《笔仙诡影》：两大IP完美融合&nbs…,http://blog.sina.com.cn/s/blog_5af303e30102wan3.html
《大唐玄奘》演技与美貌加持的楼佳…,http://blog.sina.com.cn/s/blog_5af303e30102wakb.html
《大唐玄奘》：从神话到真实 …,http://blog.sina.com.cn/s/blog_5af303e30102wafr.html
《梦想合伙人》：创业者的生存指南,http://blog.sina.com.cn/s/blog_5af303e30102wadm.html
守初衷，领新潮<br>——2016优酷春集…,http://blog.sina.com.cn/s/blog_5af303e30102waad.html
《军师联盟》：吴秀波化身“司马懿”…,http://blog.sina.com.cn/s/blog_5af303e30102wa4v.html
让龙凤文化之花开遍全球,http://blog.sina.com.cn/s/blog_5af303e30102wa3s.html
《魔宫魅影》：林心如化身夜半歌女…,http://blog.sina.com.cn/s/blog_5af303e30102wa3i.html
《北京遇上西雅图2》：“黑客帝国”…,http://blog.sina.com.cn/s/blog_5af303e30102w9v2.html
《冰河追凶》：情感当道 犯罪…,http://blog.sina.com.cn/s/blog_5af303e30102w9qc.html
《冰河追凶》：你有复仇者联盟&nbs…,http://blog.sina.com.cn/s/blog_5af303e30102w9nu.html
《废柴特工》：屌丝化身“伯恩”&nbs…,http://blog.sina.com.cn/s/blog_5af303e30102w9ms.html
《伦敦陷落》：猛男保镖加持 …,http://blog.sina.com.cn/s/blog_5af303e30102w9b1.html
《不朽的时光》：如同重温“阳光灿…,http://blog.sina.com.cn/s/blog_5af303e30102w93z.html
《我的特工爷爷》：洪金宝化身托尼…,http://blog.sina.com.cn/s/blog_5af303e30102w8yi.html
《灵偶契约》：一刀未剪的惊悚片&n…,http://blog.sina.com.cn/s/blog_5af303e30102w8wb.html
《不速之客》：黎明化身连姆•…,http://blog.sina.com.cn/s/blog_5af303e30102w8gg.html
《火锅英雄》：屌丝的胜利 &n…,http://blog.sina.com.cn/s/blog_5af303e30102w8d1.html
《火锅英雄》：秦昊是麻辣的英雄底…,http://blog.sina.com.cn/s/blog_5af303e30102w89f.html
《爱情麻辣烫之情定终身》：你真的…,http://blog.sina.com.cn/s/blog_5af303e30102w76m.html
《恐怖将映》：中泰鲜肉团挑战未解…,http://blog.sina.com.cn/s/blog_5af303e30102w753.html
《叶问3》：甄子丹的叶问 &nb…,http://blog.sina.com.cn/s/blog_5af303e30102w733.html
优质动漫《星际小蚂蚁》助力传统文…,http://blog.sina.com.cn/s/blog_5af303e30102w71s.html
《床下有人3》：红白双煞VS神探夏…,http://blog.sina.com.cn/s/blog_5af303e30102w6xp.html
《叶问3》：施建祥是幕后真英雄,http://blog.sina.com.cn/s/blog_5af303e30102w6tr.html
《圣斗士星矢》：梦回二十年 …,http://blog.sina.com.cn/s/blog_5af303e30102w6ov.html
万达广场就是“疯台”中心,http://blog.sina.com.cn/s/blog_5af303e30102w6jf.html
《青蛙王国之冰冻大冒险》：银幕再…,http://blog.sina.com.cn/s/blog_5af303e30102w6hy.html
《谋杀似水年华》：原来青春电影还…,http://blog.sina.com.cn/s/blog_5af303e30102w6em.html
《音乐大师课》第二季：让少年了解…,http://blog.sina.com.cn/s/blog_5af303e30102w6cy.html
《美人鱼》：周星驰的柔情你永远不…,http://blog.sina.com.cn/s/blog_5af303e30102w6a0.html
《大闹天宫》+互联网引擎，国产动…,http://blog.sina.com.cn/s/blog_5af303e30102w64p.html
《年兽大作战》：过年合家欢 …,http://blog.sina.com.cn/s/blog_5af303e30102w64k.html
《美人鱼》：周星驰的葫芦里卖的什…,http://blog.sina.com.cn/s/blog_5af303e30102w62m.html
《过年好》：剪不断理还乱是离愁&n…,http://blog.sina.com.cn/s/blog_5af303e30102w61y.html
《高跟鞋先生》：一部90后女生专宠…,http://blog.sina.com.cn/s/blog_5af303e30102w60y.html
《致我们终将到来的爱情》：现代版…,http://blog.sina.com.cn/s/blog_5af303e30102w609.html
《请把你的窗户打开》：直击当下社…,http://blog.sina.com.cn/s/blog_5af303e30102w5za.html
《午夜计程车》第二季：治愈系的暖…,http://blog.sina.com.cn/s/blog_5af303e30102w5yr.html
《特种兵之霹雳火》：双核驱动&nbs…,http://blog.sina.com.cn/s/blog_5af303e30102w5yq.html
《西游记之孙悟空三打白骨精》：春…,http://blog.sina.com.cn/s/blog_5af303e30102w5s3.html
《猿创世界之熊孩子部落》：“熊孩…,http://blog.sina.com.cn/s/blog_5af303e30102w5qk.html
《年兽大作战》：宁浩的葫芦里卖的…,http://blog.sina.com.cn/s/blog_5af303e30102w5kv.html
《真相禁区》：“老干部”与“神探夏…,http://blog.sina.com.cn/s/blog_5af303e30102w5jy.html
《从前有座灵剑山》：中国动画的新…,http://blog.sina.com.cn/s/blog_5af303e30102w5ac.html
《美人鱼》：星爷出手  吊足胃口,http://blog.sina.com.cn/s/blog_5af303e30102w58x.html
《国酒》：茅台香飘百年，相伴民族…,http://blog.sina.com.cn/s/blog_5af303e30102w56v.html
《最后的巫师猎人》：古今大战女巫…,http://blog.sina.com.cn/s/blog_5af303e30102w54f.html
《一念天堂》：骗中骗、碟中谍、谜…,http://blog.sina.com.cn/s/blog_5af303e30102w4j3.html
《唐人街探案》：贺岁档的“黄金”黑…,http://blog.sina.com.cn/s/blog_5af303e30102w4f3.html
《小门神》：比肩“大圣归来”的诚意…,http://blog.sina.com.cn/s/blog_5af303e30102w47u.html
博客十年，感谢有你！,http://blog.sina.com.cn/s/blog_5af303e30102w3t0.html
《寻龙诀》： “厂花”之后，陈…,http://blog.sina.com.cn/s/blog_5af303e30102w3so.html
《分手再说我爱你》：夫妻间的“百…,http://blog.sina.com.cn/s/blog_5af303e30102w3rl.html
《东北偏北》：流氓会武术 依…,http://blog.sina.com.cn/s/blog_5af303e30102w33q.html
《擦枪走火》：大尺度的情爱喜剧,http://blog.sina.com.cn/s/blog_5af303e30102w2zu.html
《怦然星动》：有情人终成眷属,http://blog.sina.com.cn/s/blog_5af303e30102w2tj.html
《从天儿降》：中国版“ＥＴ外星,http://blog.sina.com.cn/s/blog_5af303e30102w2ln.html
《杜拉拉追婚记》：女神特烦恼,http://blog.sina.com.cn/s/blog_5af303e30102w2ig.html
《不可思异》：外星生物爆笑闯地球,http://blog.sina.com.cn/s/blog_5af303e30102w286.html
《消失的凶手》：推理谜们快来挑战…,http://blog.sina.com.cn/s/blog_5af303e30102w201.html
《年少轻狂》：人不果敢枉少年,http://blog.sina.com.cn/s/blog_5af303e30102w15y.html
《山河故人》：过去是浪漫、现在是…,http://blog.sina.com.cn/s/blog_5af303e30102vz26.html
《探灵档案》：网络剧改编的新标杆,http://blog.sina.com.cn/s/blog_5af303e30102vy7d.html
《金龟子城堡》：小朋友的大PARTY,http://blog.sina.com.cn/s/blog_5af303e30102vy62.html
《幸存者》：007大战生化危机,http://blog.sina.com.cn/s/blog_5af303e30102vxz8.html
《魔卡行动》:你想看的这里都有,http://blog.sina.com.cn/s/blog_5af303e30102vxu6.html
《心迷宫》：小成本带来大惊喜,http://blog.sina.com.cn/s/blog_5af303e30102vxqr.html
《班淑传奇》：“麻辣女教师”降临,http://blog.sina.com.cn/s/blog_5af303e30102vxmw.html
《天眼传奇》：妈妈再也不用担心我…,http://blog.sina.com.cn/s/blog_5af303e30102vwpv.html
《夏洛特烦恼》：郝建的白日梦&nbs…,http://blog.sina.com.cn/s/blog_5af303e30102vwip.html
《魔镜3D》：镜中的“三国演义”,http://blog.sina.com.cn/s/blog_5af303e30102vwa8.html
《暗杀》：没有手撕鬼子更没有刀枪…,http://blog.sina.com.cn/s/blog_5af303e30102vw79.html
《像素大战》：老外是这样“致青春”…,http://blog.sina.com.cn/s/blog_5af303e30102vvz7.html
《1980年代的爱情》：“狼图腾”般的…,http://blog.sina.com.cn/s/blog_5af303e30102vvt3.html
《男神时代》：“小时代”CP的“二龙…,http://blog.sina.com.cn/s/blog_5af303e30102vvij.html
《枕边诡影》：用爱开启“楚门的世…,http://blog.sina.com.cn/s/blog_5af303e30102vv6y.html
《落跑吧爱情》：刁蛮女与实在男,http://blog.sina.com.cn/s/blog_5af303e30102vv02.html
《烈日灼心》：三个臭皮匠不敌诸葛…,http://blog.sina.com.cn/s/blog_5af303e30102vuzj.html
《这里的黎明静悄悄》：删了裸戏就…,http://blog.sina.com.cn/s/blog_5af303e30102vuzc.html
《我们15个》：郑虎是“大白歌神”,http://blog.sina.com.cn/s/blog_5af303e30102vuwy.html
《我们15个》：郑虎是“大白歌神”,http://blog.sina.com.cn/s/blog_5af303e30102vuwx.html
《巅峰拍挡TOP GEAR》：你够胆吗？…,http://blog.sina.com.cn/s/blog_5af303e30102vuuz.html
《巅峰拍挡TOP GEAR》：你够…,http://blog.sina.com.cn/s/blog_5af303e30102vuv1.html
穿越到宋朝干点啥？,http://blog.sina.com.cn/s/blog_5af303e30102vuuw.html
穿越到宋朝干点啥？,http://blog.sina.com.cn/s/blog_5af303e30102vuuv.html
《战火中的芭蕾》：让芭蕾在战火中…,http://blog.sina.com.cn/s/blog_5af303e30102vupu.html
《战火中的芭蕾》：让芭蕾在战火中…,http://blog.sina.com.cn/s/blog_5af303e30102vupv.html
《三城记》：井柏然是“姐弟恋”的行…,http://blog.sina.com.cn/s/blog_5af303e30102vuhl.html
我为什么要带孩子看《洛克王国4》…,http://blog.sina.com.cn/s/blog_5af303e30102vudu.html
《滚蛋吧！肿瘤君》：肿瘤并不可怕,http://blog.sina.com.cn/s/blog_5af303e30102vu5x.html
《爱之初体验》：苦逼宅男的破处苦…,http://blog.sina.com.cn/s/blog_5af303e30102vu44.html
《王朝的女人•杨贵妃》：范冰…,http://blog.sina.com.cn/s/blog_5af303e30102vtoh.html
《太平轮•彼岸》：显然被低估,http://blog.sina.com.cn/s/blog_5af303e30102vtm1.html
《谜城》：令人满意的答卷,http://blog.sina.com.cn/s/blog_5af303e30102vti3.html
《赛尔号大电影5：雷神崛起》你有…,http://blog.sina.com.cn/s/blog_5af303e30102vthe.html
《命中注定》：男人不坏 女人不爱,http://blog.sina.com.cn/s/blog_5af303e30102vthd.html
《咱们穿越吧》：看啥书呀看节目呗,http://blog.sina.com.cn/s/blog_5af303e30102vtgs.html
咱们穿越吧：看啥书呀看节目呗,http://blog.sina.com.cn/s/blog_5af303e30102vtgp.html
《王朝的女人•杨贵妃》：自古…,http://blog.sina.com.cn/s/blog_5af303e30102vter.html
《捉妖记》：你是我的“小苹果”,http://blog.sina.com.cn/s/blog_5af303e30102vt46.html
《煎饼侠》：你有钢铁侠 &nbs…,http://blog.sina.com.cn/s/blog_5af303e30102vt2s.html
《华胥引》：虐恋不断 虐心百回,http://blog.sina.com.cn/s/blog_5af303e30102vswx.html
《小时代4》：顾里爆泪  姐妹深情,http://blog.sina.com.cn/s/blog_5af303e30102vssq.html
爱情魔发师：齐天大剩女与凤凰男,http://blog.sina.com.cn/s/blog_5af303e30102vssp.html
《道士下山》：王宝强在走鲁迅的路,http://blog.sina.com.cn/s/blog_5af303e30102vseg.html
《恋爱排班表》：现实版“一仆二主”…,http://blog.sina.com.cn/s/blog_5af303e30102vs47.html
《约定倒计时》：催婚女与恐婚男,http://blog.sina.com.cn/s/blog_5af303e30102vrv2.html
《虎妈猫爸》：羊姑李佳的“点顾”,http://blog.sina.com.cn/s/blog_5af303e30102vrbo.html
《照见》：用心感受整个世界,http://blog.sina.com.cn/s/blog_5af303e30102vqsq.html
《潜艇总动员5》:生于六月一日  死…,http://blog.sina.com.cn/s/blog_5af303e30102vqeo.html
《孤独的美食家》：情感的台湾行,http://blog.sina.com.cn/s/blog_5af303e30102vq2m.html
《迷与狂》：现实版“中国合伙人”,http://blog.sina.com.cn/s/blog_5af303e30102vpsv.html
《土豪520》：不再是“人傻钱多”,http://blog.sina.com.cn/s/blog_5af303e30102vpfn.html
“琼于案”：文艺版权第一案,http://blog.sina.com.cn/s/blog_5af303e30102vp3z.html
《何以笙箫默》:何粉为主  何以吐…,http://blog.sina.com.cn/s/blog_5af303e30102vook.html
《何以笙箫默》:何粉为主 何以吐槽,http://blog.sina.com.cn/s/blog_5af303e30102vooj.html
《万物生长》：幸亏没打胎,http://blog.sina.com.cn/s/blog_5af303e30102vocv.html
《我是女王》中的个色男,http://blog.sina.com.cn/s/blog_5af303e30102vo7c.html
《我是女王》：虐心、虐恋、虐不停,http://blog.sina.com.cn/s/blog_5af303e30102vo1w.html
《道士下山》：在下一盘很大的棋,http://blog.sina.com.cn/s/blog_5af303e30102vnhu.html
《飓风营救3》：“50后”的“谍影重重…,http://blog.sina.com.cn/s/blog_5af303e30102vnek.html
《白幽灵传奇之绝命逃亡》：“天将…,http://blog.sina.com.cn/s/blog_5af303e30102vn71.html
《冲锋车》：“F4”和“超能少年”,http://blog.sina.com.cn/s/blog_5af303e30102vn0n.html
《失孤》：一回又一回的努力，一个…,http://blog.sina.com.cn/s/blog_5af303e30102vmw2.html
《北京纽约》：满屏是槽  满地是殇,http://blog.sina.com.cn/s/blog_5af303e30102vmg8.html
《将错就错》：人在囧途之坡囧,http://blog.sina.com.cn/s/blog_5af303e30102vl4e.html
《爸爸的假期》：冰与火的世界  爱…,http://blog.sina.com.cn/s/blog_5af303e30102vj0k.html
《谍•莲花》—左手烧脑  右手谍战,http://blog.sina.com.cn/s/blog_5af303e30102vgtw.html
《博物馆奇妙夜3》：故人西辞黄鹤…,http://blog.sina.com.cn/s/blog_5af303e30102vgh6.html
《智取威虎山》：红色经典醉心演绎,http://blog.sina.com.cn/s/blog_5af303e30102vgbw.html
我们都是影评人：自媒体时代下为电…,http://blog.sina.com.cn/s/blog_5af303e30102vg6e.html
《微爱之渐入佳境》：顾长卫的玩票…,http://blog.sina.com.cn/s/blog_5af303e30102vfs9.html
《龙骑侠》：孩子成长的启蒙老师,http://blog.sina.com.cn/s/blog_5af303e30102vfn8.html
《一步之遥》--头脑中的关键词,http://blog.sina.com.cn/s/blog_5af303e30102vfg4.html
《太平轮》票房低迷的原因,http://blog.sina.com.cn/s/blog_5af303e30102vfc6.html
《匆匆那年》—“青春之殇”,http://blog.sina.com.cn/s/blog_5af303e30102ve4n.html
《匆匆那年》----追忆青葱,http://blog.sina.com.cn/s/blog_5af303e30102vdz4.html
《撒娇女人最好命》—“女汉子”撒娇…,http://blog.sina.com.cn/s/blog_5af303e30102vdj7.html
《我的早更女友》--接地气、病态女…,http://blog.sina.com.cn/s/blog_5af303e30102vd1m.html
《单身男女2》—“贱男”逆袭“暖男”…,http://blog.sina.com.cn/s/blog_5af303e30102vaqc.html
《全城通缉》--外表烧脑，内在撕逼,http://blog.sina.com.cn/s/blog_5af303e30102v9cb.html
《马达加斯加的企鹅》--“憋到内伤”…,http://blog.sina.com.cn/s/blog_5af303e30102v92b.html
《食人虫》的“三重门”,http://blog.sina.com.cn/s/blog_5af303e30102v79q.html
从《食人虫》--看国产恐怖片的发展…,http://blog.sina.com.cn/s/blog_5af303e30102v61z.html
谨言慎行,http://blog.sina.com.cn/s/blog_5af303e30102v5vr.html
《心花路放》中年男人的心路历程,http://blog.sina.com.cn/s/blog_5af303e30102v4ub.html
豆腐脑,http://blog.sina.com.cn/s/blog_5af303e30102v4tw.html
《后会无期》--人不果敢枉少年,http://blog.sina.com.cn/s/blog_5af303e30102uxti.html
《后会无期 ——历经“七宗罪”，…,http://blog.sina.com.cn/s/blog_5af303e30102uxpv.html
转--五十多年来羽毛球和乒乓球的国…,http://blog.sina.com.cn/s/blog_5af303e30101cyuk.html
大侃是怎样“炼”成的,http://blog.sina.com.cn/s/blog_5af303e301019485.html
恰同学少年,http://blog.sina.com.cn/s/blog_5af303e301017k84.html
树的影子,http://blog.sina.com.cn/s/blog_5af303e301017gym.html
雨停了,http://blog.sina.com.cn/s/blog_5af303e301017gsf.html
7．21之我见,http://blog.sina.com.cn/s/blog_5af303e301017ev1.html
安定镇徐柏村河北梆子剧团直播日记,http://blog.sina.com.cn/s/blog_5af303e3010162gb.html
中国电影博物馆,http://blog.sina.com.cn/s/blog_5af303e3010157v5.html
中国汽车博物馆,http://blog.sina.com.cn/s/blog_5af303e301013bi7.html
HELLO KITTY 主题餐厅,http://blog.sina.com.cn/s/blog_5af303e301013bi1.html
龙年农展馆,http://blog.sina.com.cn/s/blog_5af303e301013bgq.html
龙年三里屯,http://blog.sina.com.cn/s/blog_5af303e301013bgg.html
龙年工体,http://blog.sina.com.cn/s/blog_5af303e301013bg7.html
“龙”年“龙庆峡”,http://blog.sina.com.cn/s/blog_5af303e301013bg0.html
转载--羽毛球假动作实战技术,http://blog.sina.com.cn/s/blog_5af303e301013bek.html
[转载] 有的人不聪明，却值得你终…,http://blog.sina.com.cn/s/blog_5af303e301013b2z.html
转--2012年最直白的羽毛球语录,http://blog.sina.com.cn/s/blog_5af303e301012enc.html
转帖--快速提高单打能力的一些训练…,http://blog.sina.com.cn/s/blog_5af303e301012cba.html
转帖--写在黎明之前——2012年网羽市…,http://blog.sina.com.cn/s/blog_5af303e301012cb3.html
原来李宁网上商城的低折扣就是博眼…,http://blog.sina.com.cn/s/blog_5af303e30100rbf2.html
一件小事,http://blog.sina.com.cn/s/blog_5af303e30100oe3d.html
谏逐客书（李斯）---最近心情极度…,http://blog.sina.com.cn/s/blog_5af303e30100lntq.html
匆匆（朱自清）---送给一位结识五…,http://blog.sina.com.cn/s/blog_5af303e30100ln71.html
买车前后的对比(转载),http://blog.sina.com.cn/s/blog_5af303e30100lk76.html
最匪夷所思的让球（转载）,http://blog.sina.com.cn/s/blog_5af303e30100lj06.html
《羽毛球葵花宝典——器材篇》（转）…,http://blog.sina.com.cn/s/blog_5af303e30100leme.html
抬头看，星光依旧灿烂，低头想，郭…,http://blog.sina.com.cn/s/blog_5af303e30100l94o.html
史上最强的的绕口令，你能读到那一…,http://blog.sina.com.cn/s/blog_5af303e30100l1vf.html
祝王靓、曹宇新婚快乐！早生贵子！,http://blog.sina.com.cn/s/blog_5af303e30100kksz.html
--爷爷--,http://blog.sina.com.cn/s/blog_5af303e30100k773.html
一 天,http://blog.sina.com.cn/s/blog_5af303e30100iypx.html
做一名合格的广电人,http://blog.sina.com.cn/s/blog_5af303e30100ij87.html
清真烧麦,http://blog.sina.com.cn/s/blog_5af303e30100igs2.html
这些限制级影片，你看过几部?,http://blog.sina.com.cn/s/blog_5af303e30100e1yj.html
雷人的中国式标语！看了真晕！！！,http://blog.sina.com.cn/s/blog_5af303e30100d74i.html
2008令国人目瞪口呆的12句话!,http://blog.sina.com.cn/s/blog_5af303e30100cpq5.html
世界脑残人士一窝览,http://blog.sina.com.cn/s/blog_5af303e30100ciz6.html
这就是生活,http://blog.sina.com.cn/s/blog_5af303e30100ch7r.html
房地产广告忽悠大全,http://blog.sina.com.cn/s/blog_5af303e30100cbre.html
教你一招——简单快速提高自己爱车档…,http://blog.sina.com.cn/s/blog_5af303e30100c7c5.html
每个人应该知道的健康常识!,http://blog.sina.com.cn/s/blog_5af303e30100c3vh.html
一个睡五分钟等于六个钟头的方法,http://blog.sina.com.cn/s/blog_5af303e30100c13c.html
全球99％人不知道的事情!!!,http://blog.sina.com.cn/s/blog_5af303e30100buwe.html
老了,http://blog.sina.com.cn/s/blog_5af303e30100bg61.html
[震撼] 看看这些淘宝的还价超人们 …,http://blog.sina.com.cn/s/blog_5af303e30100bcms.html
没事就贴张小学生的成语试卷(课外…,http://blog.sina.com.cn/s/blog_5af303e30100bbhl.html
[强悍] 中文真伟大！竟然有只能看…,http://blog.sina.com.cn/s/blog_5af303e30100b8ig.html
(转贴)浙江女婴琪琪：309天的生命…,http://blog.sina.com.cn/s/blog_5af303e30100awle.html
被国外公司控股收购的民族企业清单…,http://blog.sina.com.cn/s/blog_5af303e30100araj.html
07年的一段往事,http://blog.sina.com.cn/s/blog_5af303e30100arab.html
职场中最真实的“潜规则”,http://blog.sina.com.cn/s/blog_5af303e30100aqyp.html
"人肉作坊,流水作业.",http://blog.sina.com.cn/s/blog_5af303e30100apcg.html
讲给25岁以上的女人.....,http://blog.sina.com.cn/s/blog_5af303e30100apa8.html
讲给25岁以上的男人.....,http://blog.sina.com.cn/s/blog_5af303e30100apa6.html
智商测试:这棵树上你能找到几张脸,http://blog.sina.com.cn/s/blog_5af303e30100ap95.html
(转贴)正发生在我们身边的最新骗局…,http://blog.sina.com.cn/s/blog_5af303e30100ap93.html
(转贴)牙膏十大妙用,http://blog.sina.com.cn/s/blog_5af303e30100ap92.html
教你28招，让你在社交，职场上人人…,http://blog.sina.com.cn/s/blog_5af303e30100ap91.html
"[胆大者进]最恐怖的七个网站,谁敢…",http://blog.sina.com.cn/s/blog_5af303e30100ap86.html
难忘的五次经历,http://blog.sina.com.cn/s/blog_5af303e30100aoy6.html
