ã€pythonå§å§å‹äº¤æµç¾¤(ç¦å¹¿)ï¼š97795387 ã€‘,https://tieba.baidu.com/p/6417101724,fthief,13
ã€å…¥å§å¿…çœ‹ã€‘Pythonå§å¯¼èˆªåŠå§è§„å¸–,https://tieba.baidu.com/p/6417003283,caihuyougui,6
èŒæ–°æ±‚é—®anacondaå®‰è£…ä¸äº†ç¬¬ä¸‰æ–¹åº“è¯¥æ€ä¹ˆåŠ,https://tieba.baidu.com/p/6571690032,crazylucky327,0
å¤§ä½¬æ•‘æˆ‘å•Š!,https://tieba.baidu.com/p/6571695226,è´´å§ç”¨æˆ·_...,0
æ”¶å¾’ é›¶åŸºç¡€å°ç™½è½¬è¡Œpythonå­¦ä¹ æ‰¾åˆ°å¥½å·¥ä½œå…¨å¥—èµ„æ–™å…è´¹åˆ†äº«,https://tieba.baidu.com/p/6571410540,SYEgcj134,1
å‘input,https://tieba.baidu.com/p/6552635991,zhengtao94364,20
èŒæ–°æ±‚åŠ©ï¼šé€šè¿‡Jsonè·å¾—çš„è¿™äº›æ•°æ®è¦ç”¨ä»€ä¹ˆä»£ç æ‰èƒ½æŠŠå®ƒæŒ‰ç…§,https://tieba.baidu.com/p/6571625930,5061617314,2
æœ‰æƒ³è¦pythonå­¦ä¹ èµ„æ–™çš„å°ä¼™ä¼´å¯ä»¥ç•™ä¸‹ä½ ä»¬çš„é‚®ç®±ğŸ“ª,https://tieba.baidu.com/p/6571475683,å®å­897,4
pythonå°ç™½ä¸€åªï¼Œåˆšåšä¹¦ä¸Šç»ƒä¹ é¢˜ï¼Œæ€ä¹ˆä¹Ÿåšä¸å‡ºæ¥æ±‚å¸®åŠ©ï¼Œ,https://tieba.baidu.com/p/6571542069,2020ç¥ä»™å§,6
å¤§å®¶çœ‹ä¸€ä¸‹ æˆ‘å¯¹ç…§ç€åŸè§†é¢‘å†™ï¼Œä¸ºä»€ä¹ˆè¿˜ä¼šå‡ºé”™ã€‚æŠ¥é”™çš„åœ°æ–¹æˆ‘æ„Ÿ,https://tieba.baidu.com/p/6570976011,æ¥è‡ªæœªæ¥...,2
æ¯æ—¥å­¦ä¹ æ‰“å¡è´´  ä¸€å¤©è‡³å°‘ä¸€å°æ—¶å­¦ä¹ Python,https://tieba.baidu.com/p/6499299865,huashengå°„æ‰‹,77
åˆ†äº«ï¼šä¸€ä¸ªé›†å­¦ä¹ ã€ç¼–ç¨‹ã€æ“æ§ã€äº¤æµäºä¸€ä½“çš„å°è½¦ä¹å›­,https://tieba.baidu.com/p/6571601365,å°é¾Ÿæ˜¯ä¸ª...,0
å®‰è£…pygame  å®‰è£…å¤±è´¥ï¼Œæ€ä¹ˆè§£ï¼Ÿ,https://tieba.baidu.com/p/6571040107,Liangæ±‰æ­¦,2
åƒä¸‡ä¸è¦å»PythonåŸ¹è®­æœºæ„ï¼Œç‰¹åˆ«æ˜¯é›¶åŸºç¡€çš„,https://tieba.baidu.com/p/6062880305,è¾¾å®˜æ˜¾è´µ6...,64
ä»£ç†ipä¸ºä»€ä¹ˆä¸å¯ç”¨ï¼Ÿ,https://tieba.baidu.com/p/6571619598,å°„æ‰‹woshinib11,0
æƒ³ç”¨pythonå†™ä¸ªè‡ªåŠ¨å‘è´´åŠŸèƒ½ï¼Œé‡åˆ°äº†é—®é¢˜ï¼Œè¯·å¤§è€æŒ‡ç‚¹ä¸€ä¸‹,https://tieba.baidu.com/p/6571542278,penghuajunsem,3
æœ‰è°ä¼šè¿™äº›å•Šï¼Ÿæˆ‘åšçš„è„‘è¢‹å‘æ™• æœ‰å¥½å¿ƒäººå—,https://tieba.baidu.com/p/6571353782,ä¸€ç¯®æ¨±æ¡ƒe,5
å¤åˆ¶ä»£ç åˆ°idleä¸åˆ†æ®µæ€ä¹ˆè§£å†³,https://tieba.baidu.com/p/6569640152,587466877ffdd,2
æ±‚å¤§ä½¬æ•‘æ€¥ï¼ï¼ï¼pythoné€šè¿‡pyamfå¦‚ä½•æ„å»ºExternalize Object,https://tieba.baidu.com/p/6570502005,qwe20061234,3
è¯·æ•™ä¸€ä¸‹pipæ¢æºäº†ä¸åŠ sudoå¯ä»¥ï¼ŒåŠ sudoå°±å˜å›å®˜æ–¹çš„,https://tieba.baidu.com/p/6571476017,åƒä¸€ä¸ªå¤§...,2
pythonå¼€å‘å·¥å…·ç”¨å“ªä¸ªå•Šï¼Œç±»ä¼¼äºjavaçš„idea,https://tieba.baidu.com/p/5896600048,æœ¨å­ævim,12
å‡†å¤‡è¿›å†›pythonæ•¢é—®å…ˆæœ‰ç‚¹ä»€ä¹ˆåŸºç¡€æ‰å®¹æ˜“æ‡‚å®¹æ˜“å­¦å‘¢,https://tieba.baidu.com/p/6560584519,å‘œå‘œå‘œå‘µ1,31
æœ‰åŒå­¦ä¼šå†™è¿™å‡ ä¸ªé¢˜å˜›ï¼Ÿæ‹œæ‰˜æ‹œæ‰˜ğŸ™ğŸ»æ‹œæ‰˜,https://tieba.baidu.com/p/6562878633,çœ‰é¦–_,9
å¤§ä½¬ä»¬éƒ½æ˜¯ç”¨ä»€ä¹ˆè½¯ä»¶å¼€å‘çš„ï¼Œæœ¬äººçº¯å°ç™½è¿˜æœ‰æ€ä¹ˆå­¦çš„å—ï¼Ÿ,https://tieba.baidu.com/p/6569278397,ç¾”ç¾Šä¼¼æ°´,6
å¤§ç¥ä»¬ï¼Œpycharmæ€ä¹ˆç”¨å•Šï¼Ÿæ±‚æ•™,https://tieba.baidu.com/p/6571324324,è–›å®šè°”ä¸...,1
è¯·é—®è¿™ä¸ªäº¬ä¸œçˆ¬è™«åŠ ä¸Šç­›é€‰è´§å·çš„ä»£ç æ€ä¹ˆåŠ ï¼Ÿæˆ‘æƒ³ç­›é€‰åŒ…å«8ä½æ•°,https://tieba.baidu.com/p/6570809055,å®‰æ€å±¹,6
å‚»èŒä¸æ‡‚ä¸ºä»€ä¹ˆæˆ‘çš„macç‰ˆidleæ²¡æœ‰é€‰é¡¹æ å‘€,https://tieba.baidu.com/p/6555608508,ä¸œç€›æ”¾ç‹—,3
åˆå­¦çš„å°ç™½æ±‚æ•™ï¼ï¼,https://tieba.baidu.com/p/625459524,34chenhanlin,395
è¿™ä¸ºä»€ä¹ˆæ˜¯æ— é™å¾ªç¯ï¼Œç™¾æ€ä¸å¾—å…¶è§£,https://tieba.baidu.com/p/6569353816,æ±Ÿç±³è´µ,7
æ–°æ‰‹å­¦python ç”¨ä»€ä¹ˆå¼€å‘ç¯å¢ƒå¥½ï¼Ÿ,https://tieba.baidu.com/p/6570683055,FV4005H,3
ä¸­å…¬ä¼˜å°±ä¸šITåŸ¹è®­ï¼Œå¿«æ¥è§‚çœ‹å‘€,https://tieba.baidu.com/p/6561856338,å°èŠ±cat,1
å¤§å­¦Pythonä½œä¸šï¼Œæ±‚å¤§ä½¬è§£ç­”ï¼,https://tieba.baidu.com/p/6568119698,æ£®æ—çš„å‘¼...,9
æ±‚åŠ©ï¼Œæƒ³åšå¤©æ°”å¯è§†åŒ–åœ°å›¾ï¼Œç”¨ä»€ä¹ˆæ¯”è¾ƒå¥½ï¼Œpyechartå¯ä»¥,https://tieba.baidu.com/p/6570755366,é›¨ä½ æ— ç“œ,1
pythonå…è´¹å­¦ä¹ äº¤æµç¾¤,https://tieba.baidu.com/p/6571458368,1234chenhai,0
èŒæ–°è¯·æ•™ï¼Œä»£ç æ˜¯å¦å¯ä»¥é‡å¤æ‰§è¡Œï¼Œä¸¤è€…äº’ä¸å¹²æ‰°çš„é‚£ç§,https://tieba.baidu.com/p/6571410661,å¥ˆä½•ä¸€ç¬‘,0
é£å˜ç¼–ç¨‹Python å°è¯¾ é›¶åŸºç¡€å…¥é—¨ç”¨è¿‡è¿˜ä¸é”™çš„ åŸºç¡€åŠ çˆ¬,https://tieba.baidu.com/p/6571341563,ITè¯¾ç¨‹ä¹‹...,0
å„ä½å¤§ç¥ï¼Œè¯·é—®requestsæ¨¡å—æ˜¯è¿™é‡Œæ‰¾å—,https://tieba.baidu.com/p/6571233631,è–›å®šè°”ä¸...,15
æ±‚å¤§ç¥å¸¦æˆ‘ï¼å·²çŸ¥å­—ç¬¦ä¸²s='è‹¹æœ:12ä¸ª;æ¢¨:20ä¸ª;æ¡”å­:,https://tieba.baidu.com/p/6553471927,MJUSTT,8
æœ¬äººå°ç™½è‡ªå­¦ï¼Œæ²¡æœ‰é¢˜å†™,https://tieba.baidu.com/p/6560600341,pyåŠé€€å‘˜,51
åˆå­¦è€…ï¼Œç”¨çš„python 3.7ï¼Œè¿™æ®µä»£ç æ€ä¹ˆç®€åŒ–ä¸€ä¸‹å•Šï¼Œè°¢è°¢å„ä½å¤§ä½¬,https://tieba.baidu.com/p/6570366559,æˆ‘å»é€äºº...,5
pythonç»ƒä¹ å¥½å¹³å°,https://tieba.baidu.com/p/6320169042,å°é¾Ÿæ˜¯ä¸ª...,1
è·ªæ±‚å¤§ç¥ï¼Œå¤§ä½¬ä»¬äº†èƒ½ä¸èƒ½å¸®å¿™å°å¦¹æˆ‘åšåšæ¯•è®¾ï¼ˆå¼€å‘ç½‘ç«™å‘œå‘œå‘œå‘œ,https://tieba.baidu.com/p/6569871925,å°æ¯›çƒ,23
è‡ªå·±ç”¨PY3åšäº†ä¸€ä¸ªä¸‹è½½å™¨æœ€è¿‘æ›´æ–°å®åœ¨ä¸ä¼šå†™äº†å¸®å¸®æˆ‘å•Šå•Šå•Šå•Šï¼,https://tieba.baidu.com/p/6570727747,babyshaoshao12,7
å„ä½å¤§ç¥ï¼Œè¯·é—®ï¼Œæˆ‘æ˜¯åœ¨å¯¼å…¥PDFæ—¶æŠ¥é”™çš„ï¼Œæˆ‘éœ€è¦æ€ä¹ˆè§£å†³ï¼Œçœ‹,https://tieba.baidu.com/p/6571291950,æŠ è„šè€æ±‰h...,1
é—®é—®å¯çˆ±å§å‹ï¼Œè¿™é“Pythoné¢˜æ€ä¹ˆåšï¼Œæ„Ÿæ¿€ä¸å°½,https://tieba.baidu.com/p/6405512037,å·¡éŸ³LuKaã®,8
æˆ‘æƒ³ç”¨visual studioä¸Šé¢å†™python ä½†æ˜¯å®‰è£…çš„æ—¶å€™ä¸€ç›´å¡ç€,https://tieba.baidu.com/p/6571000150,çƒŸçƒŸçƒŸç¬é›¨,5
è¯·é—®æœ‰æ²¡æœ‰å¸®åšPython æ¯•è®¾çš„ï¼Œæˆ‘è¿™é‡Œå·²ç»æœ‰äº†ä¸€å¥—ä»£ç ï¼Œ,https://tieba.baidu.com/p/6550283380,ç¥ä¸€åˆ‡å®‰...,7
è€å“¥ä»¬ï¼Œé‡åˆ°äº†é—®é¢˜åœ¨è¿™ä¸ªç½‘å€é‡Œï¼ŒæŠŠé‡Œé¢çš„var index_,https://tieba.baidu.com/p/6571229615,æ¨±æ¡ƒæ²Ÿçš„...,0
æœ‰æ²¡æœ‰å°ä¼™ä¼´0åŸºç¡€çš„   ä¸€èµ·å­¦ï¼,https://tieba.baidu.com/p/6570763246,æ´»äººday,3
ã€æ±‚åŠ©ã€‘æƒ³ç¼–å†™å…³äºåˆ†æåŸºå› é‡å¤åºåˆ—çš„ç¨‹åº,https://tieba.baidu.com/p/6069090111,soulsè‰¹èˆ,4
æœ‰æ²¡æœ‰ä¸€èµ·å­¦ä¹ pythonçš„ï¼Œä¸€èµ·å­¦ä¹ çš„ï¼Œè‡ªå·±å®åœ¨å¾ˆæ— èŠ,https://tieba.baidu.com/p/6568610997,ä¾µå¥¹åŸåš...,5
å›¾ä¸­å‡½æ•°ä¸ºä»€ä¹ˆè¦èµ‹å€¼ç»™ä¸€ä¸ªå˜é‡æ‰èƒ½æ˜¾ç¤º,https://tieba.baidu.com/p/6570398036,LoshorizoN,4
èŒæ–°è¯·æ•™ä¸€é“é¢˜,https://tieba.baidu.com/p/6571011586,æœˆå…‰ç…§äº®...,4
å…³äºç¼–ç çš„é—®é¢˜ï¼Œæ±‚å¤§ä½¬å›ç­”,https://tieba.baidu.com/p/6570062621,ç„¶è€Œ198,1
èŒæ–°å…³äºtkinterè¾“å…¥æ¡†çš„ä¸€ä¸ªé—®é¢˜ï¼Œè¿˜æœ›å¤§ä½¬ä»¬æŒ‡æ•™ï¼ŒèŸ¹èŸ¹ã€‚,https://tieba.baidu.com/p/6571007870,ä½“ä¼šç†è§£...,0
ç¬¬ä¸€æ¬¡æ¥è§¦ï¼Œè€å¸ˆç›´æ¥ç»™è¦æ±‚ï¼Œä¸ä¼šå•Š,https://tieba.baidu.com/p/6570949291,BBasçš„å…¬ä¸¾,1
èŒæ–°ä¸æ‡‚å°±é—®ï¼Œä¸ºä»€ä¹ˆå®‰è£…å¥½äº†pandasåº“å´è¿˜æ˜¯æŠ¥é”™ï¼Ÿ,https://tieba.baidu.com/p/6570929232,dçš„å¥‡æ€...,7
ç¼–ç¨‹æ–°äººï¼Œæ±‚åŠ©å‡ é“ç®—æ³•é¢˜çš„ç­”æ¡ˆï¼Œæ¥è‡ªcoderbyteã€‚ä¸€æœ€,https://tieba.baidu.com/p/6570992073,wenda14789,0
å°ç™½è¯·æ•™ä¸€ä¸ªåŒªå¤·æ‰€æ€çš„é—®é¢˜ã€‚å…³äºprintè¾“å‡ºlistä¹±ç é—®é¢˜,https://tieba.baidu.com/p/6570742771,æŸ³çµ®_æƒ…...,4
"å°ç™½æ±‚åŠ©ï¼Œåˆšå­¦python,è€å¸ˆç•™ä¸ªä½œä¸šï¼Œæ±‚åŠ©",https://tieba.baidu.com/p/6570838216,æ•æ¢¦ä¸€ç”Ÿ,4
æœ‰ä¸ªéœ€æ±‚ï¼Œè¯·å¤§ç¥æŒ‡ç‚¹ï¼Œæˆ–è€…ç»™ç‚¹å‚è€ƒæ„è§,https://tieba.baidu.com/p/6569745415,ç»ç†å“¥å“¥,3
ä¸€ä¸ªç½‘é¡µæœ‰ç­¾åˆ°åŠŸèƒ½ï¼Œç­¾åˆ°çš„å¸èƒ½å¤Ÿè´­ä¹°ä¸€äº›æ–‡ç« ï¼Œä»˜è´¹ä¹‹åéšè—çš„,https://tieba.baidu.com/p/6570623065,å›ii,3
æœ‰æ²¡æœ‰ä»€ä¹ˆå‡ºåçš„ç¬¬ä¸‰æ–¹ä¸‹è½½å™¨ï¼Ÿ,https://tieba.baidu.com/p/6570781364,_Nullä¸¶,2
å®‰è£…scrapyä¸ºä»€ä¹ˆä¼šå¤±è´¥å‘€,https://tieba.baidu.com/p/6545534390,è´´å§ç”¨æˆ·_...,5
æœ‰æœ¨æœ‰äººä¼šç”¨pythonç»˜åˆ¶å››ç»´çŸ©é˜µå›¾å‘€ï¼ˆä¸‰ç»´çƒ­ç‚¹çŸ©é˜µï¼‰è§£å†³,https://tieba.baidu.com/p/6419716954,ä¾¯è‹—è‹—1023,1
è¿™æ•™ç¨‹å€¼å¾—è´­ä¹°å—ï¼Ÿ æ˜¯ä¸æ˜¯å¤ªåŸºç¡€ï¼Ÿæˆ–è€…è¯´å­¦å®Œè¿™é‡Œåªæ˜¯å…¥é—¨ï¼Ÿ,https://tieba.baidu.com/p/6568957529,åŒé±¼å¾—åˆ†,30
å°ç™½æƒ³å­¦pythonè¯·é—®ä¹°å“ªæœ¬ä¹¦å¥½ç‚¹,https://tieba.baidu.com/p/6570679820,ä¸è‰¯,2
æ— å¿pythonç­”ç–‘ï¼Œä¹Ÿå¯æœ‰å¿åšpythonè¯¾ç¨‹ä½œä¸šå’Œä¸­å°å‹é¡¹ç›®,https://tieba.baidu.com/p/6559483363,æœªä¸¨æ²«,187
æµ·å¤–ç–«æƒ…åŠ¨æ€å±•ç¤ºè§†é¢‘,https://tieba.baidu.com/p/6570706085,å°ç¬¨é¸Ÿ,0
æœ‰å¤§ä½¬çŸ¥é“è¿™æ˜¯æ€ä¹ˆå›äº‹å—ï¼ŸåŠŸèƒ½é”®å…¨æ²¡äº†,https://tieba.baidu.com/p/6570605668,æ²§æµ·saber,0
å¤§å®¶å¥½ï¼Œæˆ‘æƒ³è¯·é—®ä¸€ä¸ªé—®é¢˜ã€‚æœ€è¿‘åœ¨çœ‹scrapyï¼Œfrom t,https://tieba.baidu.com/p/6300594713,ä¸€è·¯å‘åŒ—...,5
ä½œä¸šä¸ä¼šå†™ï¼Œè¿è€å¸ˆé—®ä»€ä¹ˆéƒ½ä¸å¤ªæ‡‚ï¼ŒPythonæœ‰è¿™ä¹ˆéš¾å—,https://tieba.baidu.com/p/6568578429,åŠ³èµ„å¥½å¸…...,7
è¿™ä¸ªæ€ä¹ˆå†™å•Šï¼Œæä¸æ‡‚äº†,https://tieba.baidu.com/p/6570477724,Pelargoniumgo,1
æ±‚åŠ© æˆ‘æ¯äº†  å’‹éƒ½åšä¸å‡ºæ¥ æ±‚å¤§ä½¬å¸®å¸®å¿™,https://tieba.baidu.com/p/6569396045,å“’å®°çˆ±å¸½...,4
æ±‚åŠ©å¤§ä½¬ï¼Œå…³äºç”¨pyinstalleræ‰“åŒ…çš„ä¸€ä¸ªé—®é¢˜,https://tieba.baidu.com/p/6570437508,åˆ«å¿˜äº†å±¬,1
å¸®æˆ‘çœ‹ä¸‹20ä»¥å†…çš„è¦æ€ä¹ˆè®¾ç½®,https://tieba.baidu.com/p/6569096297,kkniman,1
æ–°æ‰‹æ±‚åŠ©ï¼ï¼ï¼é”™è¯¯åœ¨å“ªï¼Ÿ,https://tieba.baidu.com/p/6569289952,è´´å§ç”¨æˆ·_...,2
å¤§ä½¬ä»¬å¦‚ä½•åˆ¶ä½œä¸€ä¸ªå¾ªç¯é—¹é’Ÿï¼Ÿ,https://tieba.baidu.com/p/6569991427,k62s607,1
æ— å¿åšé¢˜ï¼Œä¸ä¿è¯æ—¶æ•ˆæ€§,https://tieba.baidu.com/p/6569770457,å¤©å‘½å¦–æ˜Ÿ,62
å°ç™½æ±‚åŠ©ï¼Œè¿™ä¸ªæ€ä¹ˆè§£å†³ï¼Ÿ,https://tieba.baidu.com/p/6568390036,æ½‡æ´’å•†å“¥,12
è¿™ä¸ªforå¾ªç¯ä¸ºä»€ä¹ˆä¸èµ·ä½œç”¨ï¼Ÿ,https://tieba.baidu.com/p/6570001653,yiè–„äº‘å¤©,4
å“ªä¸ªå¤§ä½¬çŸ¥é“è¿™æ˜¯æ€ä¹ˆå›äº‹å—,https://tieba.baidu.com/p/6566560714,èŠ³ä¹ƒå¤©ä¸‹...,7
"æœ€æ–°Pythonèµ„æ–™æ•™ç¨‹ï¼šé€‚åˆé›¶åŸºç¡€å…¥é—¨çš„ä½ ,ç°åœ¨å…è´¹åˆ†äº«å­¦ä¹ !",https://tieba.baidu.com/p/6570033144,å‘¢è¾‰è¾‰,8
å¤§ä½¬æ±‚ç‚¹æ‹¨ï¼è¿™å‡ é“é¢˜æˆ‘çœŸçš„çœŸçš„å¤´ç§ƒäº†éƒ½å†™ä¸å‡ºæ¥ï¼åº·ä¸€ä¸‹6ï¼Œ7,https://tieba.baidu.com/p/6568065207,è´´å§ç”¨æˆ·_...,10
å¤§ä½¬èƒ½ä¸èƒ½å¸®å¿™å†™ä¸€ä¸‹è¿™æ®µä»£ç å•Šï¼Œå¾ˆç®€å•çš„ã€‚Python 3.7,https://tieba.baidu.com/p/6570466023,æˆ‘å»é€äºº...,1
æ±‚å¤§ç¥æŒ‡ç‚¹â€¦æˆ‘éå†äº†å‡ ä¸ªè¾“å…¥æ¡†ï¼Œæ€æ ·æ‰èƒ½å¾—åˆ°æ¯ä¸ªè¾“å…¥æ¡†çš„å€¼ï¼Ÿ,https://tieba.baidu.com/p/6568728207,babyå¤©ç©ºä¹‹åŸ,9
å¤§å®¶å¥½ï¼Œæˆ‘æ˜¯Y J Hä¸ºäº†æ–¹ä¾¿å­¦ä¹ ç¼–ç¨‹è¯­è¨€ï¼Œæˆ‘åšäº†ä¸ªå…¬ä¼—å·ï¼Œ,https://tieba.baidu.com/p/6570399102,Y,0
å¤§ä½¬ä»¬ç»™è§£ç­”ä¸€ä¸‹æ–°æ‰‹,https://tieba.baidu.com/p/6570285161,é£å½©669,4
æƒ³è¦å­¦ä¹  python å‰ç«¯å¼€å‘ ä¸çŸ¥é“ä»å“ªå…¥æ‰‹ æœ‰æ²¡æœ‰å¯ä»¥,https://tieba.baidu.com/p/6569977497,å°å°å“’,5
å¤§ä½¬è°ä¼šè¿™ä¸ªï¼Œçº¯å°ç™½,https://tieba.baidu.com/p/6570112704,å–ä»€ä¹ˆå...,2
è€å“¥ä»¬å¸®å¸®å¿™ï¼Œè°¢è°¢ä½ ä»¬äº†ğŸ™ğŸ»è‹¥è¦ä»¥è¡¨è¾¾å¼çš„æ–¹å¼è§£æå­—ç¬¦ä¸²ï¼Œåº”,https://tieba.baidu.com/p/6544785806,ç‘¾æ®‹å¹´ä¸¶,31
åŠä¸ªå°ç™½æ±‚æ•‘ï¼ï¼ï¼,https://tieba.baidu.com/p/6569621992,ç¬‘ç­±,12
æ±‚åŠ©ï¼špyinstalleræ‰“åŒ…çš„exeæ‰§è¡Œåå’Œ.pyæ–‡ä»¶æ‰§è¡Œæ•ˆæœä¸åŒ,https://tieba.baidu.com/p/6570373828,å‡„æƒ¨çº¢,0
æ¥ä¸ªå®åŠ›é è°±çˆ¬è™«æ•°æ®æŠ€æœ¯æœ‰çš„é€Ÿåº¦ç§èŠ...ä¸æ€•æ²¡æœ‰é’±åªæ€•ä½ æ²¡,https://tieba.baidu.com/p/6570093590,æ‰88999,2
è¿™æœ¬ä¹¦18.3.3èŠ‚ï¼Œæˆ‘çš„å…¨éƒ¨ä»£ç æ²¡é”™ï¼Œå’Œæºä»£ç ä¸€æ ·ã€‚ä½†æ€ä¹ˆ,https://tieba.baidu.com/p/6569129405,è§å´é¸£èŠ±ç«,3
æœ‰æ²¡æœ‰å¤§ä½¬å¯ä»¥æ— å¿è¯·æ•™çš„ï¼ï¼ï¼,https://tieba.baidu.com/p/6570078770,ä¼šæœ‰äºº,2
æˆ‘è®°äº‹æœ¬é‡Œæœ‰æ•°æ®ä¸ºä»€ä¹ˆcmdæ˜¾ç¤ºçš„éƒ½æ˜¯datadata?æˆ‘çœ‹,https://tieba.baidu.com/p/6570057590,ç‰çƒŸæµè‹,1
â•V   Shim-eath,https://tieba.baidu.com/p/6570131528,dayé’å²š,0
æ±‚åŠ©ï¼ï¼è¯·é—®åŸºç¡€è¯¥æ€ä¹ˆæ ·æ‰“ï¼ï¼,https://tieba.baidu.com/p/6569925027,ç¬‘ç­±,3
å°ç™½æ±‚åŠ©ï¼Œæ€ä¹ˆå¯ä»¥å¼„å‡ºæ¥pythonç™½è‰²çš„é¡µé¢å•Šï¼Ÿæˆ‘çš„æ˜¯é»‘è‰²,https://tieba.baidu.com/p/6567951393,é›…é™,8
