title,detail_url,timeShow,platformName
202004六合新城西陈路工程项目施工招标文件.NZF,http://www.ggzy.gov.cn/information/html/a/320000/0105/202004/23/003221ebcaaa498c4ec9bf9a9873084c69ac.shtml,2020-04-28,南京市国有产权交易系统
微山县人民医院医养结合综合体项目监理招标文件,http://www.ggzy.gov.cn/information/html/a/370000/0105/202004/09/003755009452b5ec401b8d33358036b33c97.shtml,2020-04-28,济宁市公共资源交易服务平台
202004AJY200011-04SG招标文件电子版.NZF,http://www.ggzy.gov.cn/information/html/a/320000/0105/202004/23/00324eab106c0f714ac9b422fbde6f7b49a7.shtml,2020-04-28,南京市国有产权交易系统
三里坪等四座水库旅游渡运码头采购安装项目成交结果公,http://www.ggzy.gov.cn/information/html/a/420000/0202/202004/13/0042d1e5152c580649928721129e223a8b81.shtml,2020-04-28,湖北省政府采购网
仪征市月塘镇西区综合服务中心改造工程招标澄清文件,http://www.ggzy.gov.cn/information/html/a/320000/0105/202004/28/003259fd64192f3b4aaaa246082905727a7e.shtml,2020-04-28,扬州市建设工程网上招投标系统
仪征市月塘镇西区综合服务中心改造工程招标公告,http://www.ggzy.gov.cn/information/html/a/320000/0101/202004/28/003207b4205879804c55bf26443b4eb77979.shtml,2020-04-28,扬州市建设工程网上招投标系统
华泰广厦商住小区电梯工程-招标文件2020.04.10(1),http://www.ggzy.gov.cn/information/html/a/430000/0105/202004/28/0043263b4ecdcd2d40ec9c5b684a7e773a35.shtml,2020-04-28,
涟水监理更正公告,http://www.ggzy.gov.cn/information/html/a/430000/0105/202004/16/004355fa1f3e2a42498e861d631338996456.shtml,2020-04-28,
兴港综合楼会议室多媒体设备、食堂设备及会议室家具（含接待室）采购合同,http://www.ggzy.gov.cn/information/html/a/450000/0203/202004/28/0045c646bccde43d410a8a7538057aa475d9.shtml,2020-04-28,贵港市公共资源交易平台
南彩镇道路清扫保洁服务项目合同,http://www.ggzy.gov.cn/information/html/a/110000/0203/202004/28/00116fc89a5d3fb94f5e892f76444afdf2c0.shtml,2020-04-28,
兴港综合楼会议室多媒体设备、食堂设备及会议室家具（含接待室）采购合同,http://www.ggzy.gov.cn/information/html/a/450000/0203/202004/28/0045c2c526032b9149be9b3e5a7098908f0e.shtml,2020-04-28,贵港市公共资源交易平台
浙江中瑞工程管理有限公司关于慈溪家电科技城会展中心视频监控系统改造采购项目的公开招标公告,http://www.ggzy.gov.cn/information/html/a/330000/9001/202004/28/003347b7d4dc49ae4fac809bc39979a0106d.shtml,2020-04-28,宁波市公共资源网上交易暨电子检察系统
潍坊市寒亭区寒亭街道公益性墓地垃圾清理工程合同公示,http://www.ggzy.gov.cn/information/html/a/370000/0203/202004/28/00378bfc6a4d9c364cc7ba70fd256bbd8e7b.shtml,2020-04-28,潍坊市公共资源电子交易系统
北海路-通亭街五岔口交通环岛改造电力电气设计合同公示,http://www.ggzy.gov.cn/information/html/a/370000/0203/202004/28/003771de30d1df5d437ea1e5398d860f7cb2.shtml,2020-04-28,潍坊市公共资源电子交易系统
三门县洞港污水处理厂工程（勘察、初步设计及施工图设计）的电子招标文件,http://www.ggzy.gov.cn/information/html/a/330000/0105/202004/28/00339b7f7cc5181642f780d68d4d485316ca.shtml,2020-04-28,台州市公共资源交易系统
关于龙游县高坪桥水库移民安置小区对外连接道路一期工程的招标公告,http://www.ggzy.gov.cn/information/html/a/330000/9001/202004/28/003307da6ce3df66422c817d1728173c8b5e.shtml,2020-04-28,衢州市公共资源交易监管系统
酒钢集团采购供应分公司2020年4月份检测器等电气备件采购公告,http://www.ggzy.gov.cn/information/html/a/620000/9001/202004/28/0062eab5386f2b5341cc81e38c5228f98912.shtml,2020-04-28,酒泉钢铁电子采购平台
酒钢集团采购供应分公司2020年4月份电源模块等电气备件采购公告,http://www.ggzy.gov.cn/information/html/a/620000/9001/202004/28/00624cbc56ff088c41499b71f13a1fe7f767.shtml,2020-04-28,酒泉钢铁电子采购平台
湖北民族大学校区道路建设以及教学场地和学生宿舍维修改造项目博爱片区3-4栋学生宿舍改造标段,http://www.ggzy.gov.cn/information/html/a/420000/0101/202004/28/00428a9c3f46d0f3449bbb63e6f924f58e07.shtml,2020-04-28,恩施州电子交易平台
广西智立方工程咨询有限公司关于贵港市大气污染成因分析报告编制（项目编号：GGZC2020-C3-00691-GZLF）成交结果公告,http://www.ggzy.gov.cn/information/html/a/450000/0202/202004/28/0045470b0379265141628d38fb3eb2225a02.shtml,2020-04-28,贵港市公共资源交易平台
酒钢集团采购供应分公司2020年4月SEW电动机及备件采购公告,http://www.ggzy.gov.cn/information/html/a/620000/9001/202004/28/00622555b91c81934999a0812968874effcc.shtml,2020-04-28,酒泉钢铁电子采购平台
酒钢集团采购供应分公司2020年4月振动电动机采购公告,http://www.ggzy.gov.cn/information/html/a/620000/9001/202004/28/00629cef09fa91a44521985cca811a87f5c4.shtml,2020-04-28,酒泉钢铁电子采购平台
沙雅县托依堡勒迪镇中学教师周转宿舍建设项目（施工&nbsp;）,http://www.ggzy.gov.cn/information/html/a/650000/0101/202004/28/0065542a21a0c476412d8b7c50ec1acffe33.shtml,2020-04-28,阿克苏电子招投标交易平台
科力耐材炼钢事业部倒车监视系统等代储采购公告,http://www.ggzy.gov.cn/information/html/a/620000/9001/202004/28/0062681159f964874644bbecebb17a02d33d.shtml,2020-04-28,酒泉钢铁电子采购平台
乐清市南岳镇沙港头海岸线生态修复工程修正书02招标公告,http://www.ggzy.gov.cn/information/html/a/330000/9001/202004/28/00336781bfa3921542fa96d4a6b3b4bf57d6.shtml,2020-04-28,温州市公共资源交易平台
宏联自控公司4月终端电阻、通讯模块等采购公告,http://www.ggzy.gov.cn/information/html/a/620000/9001/202004/28/0062e96145dcdc3b4ba680582b5d5dcb919d.shtml,2020-04-28,酒泉钢铁电子采购平台
岷县东城区幼儿园建设项目（附属工程）,http://www.ggzy.gov.cn/information/html/a/620000/0105/202004/28/00628ea66fd8d1a14c7393c5eb797e8dafcd.shtml,2020-04-28,定西市公共资源交易电子交易系统
AKSSZF-CG-J2019-152号000000关于阿克苏市委宣传部10部个人先进事迹和1部城市人文形象宣传片项目的合同,http://www.ggzy.gov.cn/information/html/a/330000/0203/202004/28/0033fe184efbf28b4d85acfcad42f339e09e.shtml,2020-04-28,浙江政府采购云平台
TZYS-201939000000000000000关于台州市生态环境局临海分局临海市行政区域风险评估报告及临海市突发环境事件等4个应急预案编制项目项目的合同,http://www.ggzy.gov.cn/information/html/a/330000/0203/202004/28/00337cadfd4226b5436f9becaf9bf8708372.shtml,2020-04-28,台州市公共资源交易系统
ZJHY-NHCG20190450000000000关于宁海科创集团有限公司路灯采购及安装项目的合同,http://www.ggzy.gov.cn/information/html/a/330000/0203/202004/28/0033a5fda2a3ef2942a0b97c063fd49469dc.shtml,2020-04-28,浙江政府采购云平台
ZXZB-F20191024-03000000000关于温州市“十四五”增强水资源保障能力研究的合同,http://www.ggzy.gov.cn/information/html/a/330000/0203/202004/28/00331879dc1c5d3d462d8a5db7e059a2f0a9.shtml,2020-04-28,温州市公共资源交易平台
第七师2020年度土地审批项目前期勘测定界、地价评估技术服务机构采购项目变更公告,http://www.ggzy.gov.cn/information/html/a/660000/0204/202004/28/006684062e5991b144dbabf5f78523b95575.shtml,2020-04-28,新疆生产建设兵团公共资源交易中心
2020年沧州市干线公路大中修工程第三方检测,http://www.ggzy.gov.cn/information/html/a/130000/0105/202004/28/0013ee2a4b9f97a34d8c96e1471960c95f4e.shtml,2020-04-28,
招标文件422,http://www.ggzy.gov.cn/information/html/a/430000/0105/202004/28/0043197b3711b9924b5fb091d58b2fd95687.shtml,2020-04-28,
大连市技师学院迁址重建二期项目13#、14#单体外环境施工,http://www.ggzy.gov.cn/information/html/a/210000/0104/202004/28/0021187db33a67664d40b11a203711df130b.shtml,2020-04-28,大连市公共资源交易平台
元氏县龙兴大道县域经济带封龙山文化经济建设项目·太行山高速引线-设计施工总承包公开招标中标公告,http://www.ggzy.gov.cn/information/html/a/130000/0104/202004/28/0013e88710a03c154004b322320234f90e58.shtml,2020-04-28,
合作市裕佳苑公共停车场建设项目正常公示,http://www.ggzy.gov.cn/information/html/a/620000/0104/202004/28/0062f9195b61b58a41208df38ac70f25cc88.shtml,2020-04-28,甘南州公共资源交易中心电子招投标系统
报纸广告发布,http://www.ggzy.gov.cn/information/html/a/420000/0203/202004/28/0042fc312bb9b6e74c63aea1a1bff562f892.shtml,2020-04-28,湖北省政府采购网
泄滩乡九条岭村农业产业发展项目苗木采购合同,http://www.ggzy.gov.cn/information/html/a/420000/0203/202004/28/00421526757b7641428ca88a3875dfd465de.shtml,2020-04-28,湖北省政府采购网
Z1306332000322301太平峪及华北村基础设施建设项目结果公告,http://www.ggzy.gov.cn/information/html/a/130000/0202/202004/28/0013d297f33abeed4c928edaa8810baa2046.shtml,2020-04-28,
Z13020720005223012020年王兰庄镇农村街道提升工程—翻新道路结果公告,http://www.ggzy.gov.cn/information/html/a/130000/0202/202004/28/0013f86641be515846249ff558b9666a76f4.shtml,2020-04-28,唐山市公共资源交易中心
阜平县照旺台回迁安置房建设项目（1#、2#、3#地块）二标段工程材料检测试验服务,http://www.ggzy.gov.cn/information/html/a/130000/0102/202004/28/0013fbdb8f99f6f04143a25f76d1b02e6767.shtml,2020-04-28,
涞水县农村无害化卫生户厕改造项目,http://www.ggzy.gov.cn/information/html/a/130000/0105/202004/28/0013f9405aaf3d5448b9a754ba2e5ca444b6.shtml,2020-04-28,
涞水县农村无害化卫生户厕改造项目,http://www.ggzy.gov.cn/information/html/a/130000/0105/202004/28/0013dd4fdfa7b19541b4adadb571c8437530.shtml,2020-04-28,
涞水县农村无害化卫生户厕改造项目,http://www.ggzy.gov.cn/information/html/a/130000/0105/202004/28/001345c04fb8c3a14ea183235381e94c7ebf.shtml,2020-04-28,
涞水县农村无害化卫生户厕改造项目,http://www.ggzy.gov.cn/information/html/a/130000/0105/202004/28/00130e8db7420db64eb3bab5adc79cd5c838.shtml,2020-04-28,
涞水县农村无害化卫生户厕改造项目,http://www.ggzy.gov.cn/information/html/a/130000/0105/202004/28/00132267478b2c74469a857e0d342dae8021.shtml,2020-04-28,
六盘水师范学院学生、招就、团委等电子设备配备及学生、招就、团委、物电四部门搬迁物资配备采购项目（A包、B包二次采购）中标（成交）公告,http://www.ggzy.gov.cn/information/html/a/520000/0202/202004/23/0052c93693c48cf940fb99ac6ce148171566.shtml,2020-04-28,六盘水市公共资源交易中心
Z1309862000132001南大港产业园区2020年度清洁能源取暖燃气壁挂炉采购项目结果公告,http://www.ggzy.gov.cn/information/html/a/130000/0202/202004/28/0013a99686c0b336490092557e84ff42462d.shtml,2020-04-28,
恩施州普通公路“建养一体化”利川市01项目包施工监理,http://www.ggzy.gov.cn/information/html/a/420000/0101/202004/28/004248628e3f73f4416289aa24099a4e49a2.shtml,2020-04-28,恩施州电子交易平台
Z1309002000322001沧州经济开发区综合行政执法局雪橇式提升泵项目结果公告,http://www.ggzy.gov.cn/information/html/a/130000/0202/202004/28/0013c07c1f7187784cfa9d913c78b4a387bd.shtml,2020-04-28,
2020年沧州市干线公路大中修工程第三方检测,http://www.ggzy.gov.cn/information/html/a/130000/0105/202004/28/0013523a68dbb87c431ea7eb4cd8cb4077e4.shtml,2020-04-28,
黄冈产业园融创星城、黄冈产业园综合性服务平台综合服务(物业及后勤管理)外包项目公告,http://www.ggzy.gov.cn/information/html/a/420000/9001/202004/28/004245944552b5bc41db8d1f3b382df2c5bc.shtml,2020-04-28,黄冈市公共资源交易信息网
第一师十三团社区老年人日间照料中心建设项目招标公告,http://www.ggzy.gov.cn/information/html/a/660000/0101/202004/28/006613616f818477427a8700d4f0866e9df5.shtml,2020-04-28,新疆生产建设兵团公共资源交易中心
恩施州中心医院公共卫生临床中心施工图设计项目,http://www.ggzy.gov.cn/information/html/a/420000/0101/202004/28/00428b3fbccfa2a34c59af573ca2f5b48201.shtml,2020-04-28,恩施州电子交易平台
北碚区复兴街道“四好农村路”长寒路、太玻路、栀子支路、大万路改建工程招标文件,http://www.ggzy.gov.cn/information/html/a/500000/0105/202004/28/00506d20cfcf233a4fd3b011802f0e0bdd2b.shtml,2020-04-28,重庆市北碚区公共资源综合交易中心
平乡县固体废弃物资源化综合利用产业园项目图审中标结果公告,http://www.ggzy.gov.cn/information/html/a/130000/0202/202004/28/0013cf78d05f370140dfb1382bdaf00542f1.shtml,2020-04-28,邢台市公共资源交易中心
平乡县固体废弃物资源化综合利用产业园项目监理中标结果公告,http://www.ggzy.gov.cn/information/html/a/130000/0202/202004/28/001355f0eba5a0ff4ceca0bb8cceb9650ac7.shtml,2020-04-28,邢台市公共资源交易中心
平乡县固体废弃物资源化综合利用产业园项目设计中标结果公告,http://www.ggzy.gov.cn/information/html/a/130000/0202/202004/28/0013ecd4d06568664ae2931c64614e80002e.shtml,2020-04-28,邢台市公共资源交易中心
平乡县固体废弃物资源化综合利用产业园项目全过程跟踪审计中标结果公告,http://www.ggzy.gov.cn/information/html/a/130000/0202/202004/28/00139b2450f727ed4e8b9811b7a87e13ecb9.shtml,2020-04-28,邢台市公共资源交易中心
平乡县固体废弃物资源化综合利用产业园项目（PPP项目社会资本方采购）中标结果公告,http://www.ggzy.gov.cn/information/html/a/130000/0202/202004/28/001373db33bcd88f478a920aa1dc221265e5.shtml,2020-04-28,邢台市公共资源交易中心
平乡县壮大村级集体经济仓库建设项目（一期）二标段中标公示,http://www.ggzy.gov.cn/information/html/a/130000/0104/202004/28/0013fb3ec803facc43b6bf5957bd013feb84.shtml,2020-04-28,邢台市公共资源交易中心
平乡县壮大村级集体经济仓库建设项目（一期）一标段中标公示,http://www.ggzy.gov.cn/information/html/a/130000/0104/202004/28/00138a538f21f1a44c0c9fd3dcea97a61cb7.shtml,2020-04-28,邢台市公共资源交易中心
Z1309212000071001沧县教育局沧县薄改图书采购公开招标结果公告,http://www.ggzy.gov.cn/information/html/a/130000/0202/202004/28/0013b1a737cc32e64e978ad6701d90821f62.shtml,2020-04-28,
十六团社区老年人日间照料中心建设项目招标公告,http://www.ggzy.gov.cn/information/html/a/660000/0101/202004/28/00667452a420b6d34dc5945bd708e49e07c9.shtml,2020-04-28,新疆生产建设兵团公共资源交易中心
北碚区复兴街道“四好农村路”长寒路、太玻路、栀子支路、大万路改建工程招标文件,http://www.ggzy.gov.cn/information/html/a/500000/0105/202004/28/0050b3ff5432cad647f49c3d82a36c0d6eaa.shtml,2020-04-28,重庆市北碚区公共资源综合交易中心
罗星街道永福花园小区党建客厅项目,http://www.ggzy.gov.cn/information/html/a/330000/9001/202004/28/0033ebab1961989d419e998056e72977cc6e.shtml,2020-04-28,嘉兴市公共资源交易中心
宁东基地1号综合渣场升级改造一期工程施工补充公告,http://www.ggzy.gov.cn/information/html/a/640000/0101/202004/28/006498fe78884ea04c8a8e4de89e282f66ed.shtml,2020-04-28,宁夏公共资源交易服务平台
江西省阿里云大数据人才培养基地（科创城一期）建设项目（西区）资格预审文件,http://www.ggzy.gov.cn/information/html/a/360000/0105/202004/28/0036e6d48a2690c1441886b85e27ff839500.shtml,2020-04-28,上饶市公共资源交易中心
开化县马金城镇建设开发有限公司位于马金镇文欣苑共54套联排房公开出售挂牌出让成交结果公示,http://www.ggzy.gov.cn/information/html/a/330000/9002/202004/28/00335dd37db75f97470b9617ae3f84031da0.shtml,2020-04-28,衢州市公共资源交易监管系统
扶绥县岜盆乡弄洞村、姑豆村和渠黎镇碧髻村、渠新村、渠凤村、大陵村村庄规划项目（FSZC2020-G3-00126-001）招标公告,http://www.ggzy.gov.cn/information/html/a/450000/0201/202004/28/00455ddef51c58174e4dbcf89783aeb05af8.shtml,2020-04-28,崇左市电子招投标交易平台
360481202002190103的澄清文件,http://www.ggzy.gov.cn/information/html/a/360000/0105/202004/28/0036489c8a2af0394e3ea503e544415cc343.shtml,2020-04-28,九江市公共资源交易中心
普陀医院南门西侧一间90㎡房屋招租交易公告,http://www.ggzy.gov.cn/information/html/a/330000/9001/202004/28/003309e6afa3d90347ec931a9519a8d743f8.shtml,2020-04-28,舟山市电子招投标平台
E3213010313103922001001的招标文件,http://www.ggzy.gov.cn/information/html/a/320000/0105/202004/28/003292cd6b09761d4570ab58c933c707e11d.shtml,2020-04-28,
应急管理部南方航空护林总站丽江站2020年购买直升机航空应急救援服务项目成交公告,http://www.ggzy.gov.cn/information/html/a/530000/0202/202004/28/0053fd466777bdea456d8548c19a64ad4b08.shtml,2020-04-28,
永平县水泄彝族乡中心学校2020年食材采购项目(二次),http://www.ggzy.gov.cn/information/html/a/530000/0201/202004/28/0053bd5c08a2ddc6415f903eb346a732886b.shtml,2020-04-28,
应急管理部南方航空护林总站保山站大理基地2020年购买M-26直升机航空应急救援服务项目成交公告,http://www.ggzy.gov.cn/information/html/a/530000/0202/202004/28/00533c102c3e89e84eb189286056364b7fc9.shtml,2020-04-28,
云南省公路局2020年公路小修保养沥青采购项目中标公告,http://www.ggzy.gov.cn/information/html/a/530000/0202/202004/28/00531b2500be75ce441980fff8aada77d6db.shtml,2020-04-28,
江永县农村宅基地和集体建设用地房地一体确权登记颁证技术服务采购项目,http://www.ggzy.gov.cn/information/html/a/430000/0201/202004/28/0043ea2c70fa19a74cf8a4fdda16d8f39263.shtml,2020-04-28,
同心县2020年老旧小区住宅楼改造建设项目中标公示,http://www.ggzy.gov.cn/information/html/a/640000/0104/202004/28/006492f511c004674cd3a681715a1db5d77a.shtml,2020-04-28,宁夏公共资源交易服务平台
朝阳县木头城子镇新村2020年“一事一议”村内户外道路工程,http://www.ggzy.gov.cn/information/html/a/210000/0101/202004/28/00212efcadd690b54efdb9e3a67990fa28c2.shtml,2020-04-28,朝阳市公共资源交易系统
容城县城乡环卫一体化项目更正公告（2,http://www.ggzy.gov.cn/information/html/a/130000/0204/202004/28/001388e8b66615284fa5b130b8eacb996323.shtml,2020-04-28,
宿迁港泗阳港区东作业区综合服务中心道路及配套工程招标公告（资格后审）,http://www.ggzy.gov.cn/information/html/a/320000/0101/202004/28/00321d9d33c5a6814608be5b89aa447f8048.shtml,2020-04-28,
沧州市京澳线G105海天线立交至北董段预防养护工程,http://www.ggzy.gov.cn/information/html/a/130000/0105/202004/28/001373a602e17662437abb0b3b212b2f1573.shtml,2020-04-28,
乐清市芙蓉镇上垟村柴庆弟屋侧泥石流地质灾害治理工程招标公告,http://www.ggzy.gov.cn/information/html/a/330000/9001/202004/28/0033662f6d08f44e4d83980cfee43f79d454.shtml,2020-04-28,温州市公共资源交易平台
聊城市委办公楼加装电梯钢结构井道及装修项目中标公示,http://www.ggzy.gov.cn/information/html/a/370000/0202/202004/28/0037d52184c2151247b28348fa9de911fda2.shtml,2020-04-28,聊城市公共资源电子交易平台
Z1310002000682001廊坊市安次区水利局关于域内河渠一河一策及一河一档编制项目结果公告,http://www.ggzy.gov.cn/information/html/a/130000/0202/202004/28/0013cc7cdcc23e4f465cad9172655485ef26.shtml,2020-04-28,
第七师2020年度土地审批项目前期勘测定界、地价评估技术服务机构采购项目招标公告,http://www.ggzy.gov.cn/information/html/a/660000/0201/202004/28/00660642ab18a0da45b39ba35600d37bc547.shtml,2020-04-28,新疆生产建设兵团公共资源交易中心
沙地居委会25-3号宗地成交公示,http://www.ggzy.gov.cn/information/html/a/420000/0302/202004/28/0042b6e29e7289174e5c82dd00517c26cfd1.shtml,2020-04-28,恩施州国土资源网上交易平台
[单轮竞价]巴中市农业局空调机采购(巴中竞采【2020】71-1号),http://www.ggzy.gov.cn/information/html/a/510000/0202/202004/28/0051d0a8a7a0091749b0b3574a21746a3132.shtml,2020-04-28,
上林县农村集体产权制度改革技术服务项目（项目编号：SLZC2019-C3-0310-KWZB）竞争性磋商公告,http://www.ggzy.gov.cn/information/html/a/450000/0201/202004/28/0045db595691a39f48b0b730fa1ac00a5cca.shtml,2020-04-28,南宁市公共资源交易中心
空港新城档案鉴别整理及数字化服务(19C0265)采购更正公告,http://www.ggzy.gov.cn/information/html/a/500000/0204/202004/28/0050a40a76f5597142cd835dd74db339aec4.shtml,2020-04-28,重庆市公共资源交易服务平台
"[单轮竞价]巴中市委政法委员会计算机(台式电脑
)、多功能一体机、笔记本电脑
、平板式微型计算机采购(巴中竞采【2020】70-1号)",http://www.ggzy.gov.cn/information/html/a/510000/0202/202004/28/005105a77f00aa7941f08f1a4b2429bb69e3.shtml,2020-04-28,
金乡县锦绣家园小区前期物业管理项目,http://www.ggzy.gov.cn/information/html/a/370000/0105/202004/28/0037c6a23151b2e140c19fb0610db2bd4806.shtml,2020-04-28,济宁市公共资源交易服务平台
德保县多旁水库输水隧洞及泄洪工程1标剩余工程的澄清文件,http://www.ggzy.gov.cn/information/html/a/450000/0105/202004/28/0045acdb7a0e5ee34a01a1be3ed8fca8ec38.shtml,2020-04-28,广西公共资源交易平台
金乡县锦绣家园小区前期物业管理项目&nbsp;招标公告,http://www.ggzy.gov.cn/information/html/a/370000/0101/202004/28/003747263d6f99af4194b64a2cdcf6bbc879.shtml,2020-04-28,济宁市公共资源交易服务平台
瓯海区梧田第一中学STEAM空间装修工程项目的招标公告,http://www.ggzy.gov.cn/information/html/a/330000/9001/202004/28/0033aa72d96037114831923c362cdf057ac8.shtml,2020-04-28,温州市公共资源交易平台
同心县第二生活垃圾卫生填埋场工程设计中标公示,http://www.ggzy.gov.cn/information/html/a/640000/0104/202004/28/006445418a79ee9f48ddbc5284068327d51c.shtml,2020-04-28,宁夏公共资源交易服务平台
沧州市京澳线G105海天线立交至北董段预防养护工程,http://www.ggzy.gov.cn/information/html/a/130000/0105/202004/28/0013a93bf9d4f6dc4b20ac5551bc3446c464.shtml,2020-04-28,
北镇市畜禽粪污资源化利用监理项目二期,http://www.ggzy.gov.cn/information/html/a/210000/0101/202004/28/002113a14a9097804fb29356f9fbddc8459e.shtml,2020-04-28,锦州市公共资源平台
沙地居委会39-3号宗地成交公示,http://www.ggzy.gov.cn/information/html/a/420000/0302/202004/28/004233a5f8700b94448184c8ec42b442053e.shtml,2020-04-28,恩施州国土资源网上交易平台
E3213010313103920001001的招标文件,http://www.ggzy.gov.cn/information/html/a/320000/0105/202004/28/0032f5901db30cdc4d5a87ac5b52be15d431.shtml,2020-04-28,
蔷薇河综合整治项目10KV配电工程招标\澄清文件,http://www.ggzy.gov.cn/information/html/a/320000/0105/202004/28/003267cf11d280014bb0b558b0a1cffc8c68.shtml,2020-04-28,连云港建设工程网上招投标系统
[单轮竞价]巴中市自然资源和规划局打印设备、扫描仪采购(巴中竞采【2020】77-1号),http://www.ggzy.gov.cn/information/html/a/510000/0201/202004/28/0051fcde2b4d78ba456282e79d6d8fe810d5.shtml,2020-04-28,
[A3311011160003941]飞鹤大厦街头绿地改造工程.LSZF,http://www.ggzy.gov.cn/information/html/a/330000/0105/202004/28/003303b1ca50091c4554ab062519e7e36609.shtml,2020-04-28,丽水市公共资源电子交易平台
2019-11-030700000000000000关于绍兴市医疗保障局绍兴市大病保险服务业务项目的合同,http://www.ggzy.gov.cn/information/html/a/330000/0203/202004/28/0033c8e505cb1e224c4a9cf757a58f224a1f.shtml,2020-04-28,绍兴市公共资源交易中心交易平台
镇海新城幼儿园厨房设备采购项目公开招标采购公告,http://www.ggzy.gov.cn/information/html/a/330000/9001/202004/28/0033a4fa2930dbb14d35aa92c0a5be18f838.shtml,2020-04-28,宁波市公共资源网上交易暨电子检察系统
市中心城区建成区雨污系统改造提升项目（新建管网及非开挖修复）施工,http://www.ggzy.gov.cn/information/html/a/520000/0104/202004/14/0052a99e20ea8e0c41f4a4469685f0742379.shtml,2020-04-28,六盘水市公共资源交易中心
市中心城区建成区雨污系统改造提升项目（新建管网及非开挖修复）&nbsp;监理,http://www.ggzy.gov.cn/information/html/a/520000/0104/202004/20/0052561e1cd7999040c39bc4c2eb4866b392.shtml,2020-04-28,六盘水市公共资源交易中心
六盘水市钟山区夜景照明工程施工招标中标公示,http://www.ggzy.gov.cn/information/html/a/520000/0104/202004/23/0052d0ef36ef08b44ca686b539cb53209d0f.shtml,2020-04-28,六盘水市公共资源交易中心
理县特色种养植小区建设项目,http://www.ggzy.gov.cn/information/html/a/510000/0101/202004/28/00517f51a2b940d047c38e4a9449cf97568e.shtml,2020-04-28,1.阿坝州工程建设项目电子交易系统 2.阿坝州政府采购电子交易系统 3.阿坝州国有产权和土地矿权电子交易系统 4.阿坝州中介机构信用系统 5.阿坝州政府采购网上竞价系统
同心县棚户区改造配套环卫设施建设工程设计中标公示,http://www.ggzy.gov.cn/information/html/a/640000/0104/202004/28/0064cfb0fa7a61684ba69b0da8b1d4b1f61a.shtml,2020-04-28,宁夏公共资源交易服务平台
怀来县委宣传部葡萄产业新闻宣传项目中标公告,http://www.ggzy.gov.cn/information/html/a/130000/0202/202004/28/0013d81065b5e8e14cbf854bc3061b479656.shtml,2020-04-28,
Z1302072000642501龙泉河西电路至码头段河槽边坡防护工程结果公告,http://www.ggzy.gov.cn/information/html/a/130000/0202/202004/28/00137af822a58d3d4461abd974413dc248d9.shtml,2020-04-28,唐山市公共资源交易中心
南皮县2019年潞灌乡高标准农田建设项目,http://www.ggzy.gov.cn/information/html/a/130000/0105/202004/28/0013e59a8daedb64450bb6319d7c30ce4d81.shtml,2020-04-28,
研发场所维修、装修增做施工-开标记录,http://www.ggzy.gov.cn/information/html/a/320000/0102/202004/28/0032c36eb42da5e64449bbd9efa4b61f38b0.shtml,2020-04-28,南通市电子交易平台
店口镇湖西社区五星三A创建村庄整治工程-3标（施工）,http://www.ggzy.gov.cn/information/html/a/330000/9001/202004/28/003382f1e821c37b46adba5e94258247bdd7.shtml,2020-04-28,绍兴市公共资源交易中心交易平台
缙云县浣溪小流域（浣溪、东山、五里碑三条小流域）水土流失综合治理项目,http://www.ggzy.gov.cn/information/html/a/330000/9002/202004/28/00337f6e499954414379852b0c92715b17cc.shtml,2020-04-28,丽水市公共资源电子交易平台
黑山县2018年畜禽粪污资源化利用整县推进项目胡家镇畜禽粪便集中处理中心设备采购及安装,http://www.ggzy.gov.cn/information/html/a/210000/0101/202004/28/0021d2922307491a462c81db7ae741b2a3a1.shtml,2020-04-28,锦州市公共资源平台
委托常年法律顾问合同,http://www.ggzy.gov.cn/information/html/a/420000/0203/202004/28/0042a001342995844e40a24ce0cfff715fcb.shtml,2020-04-28,湖北省政府采购网
甘肃省妇女儿童医疗综合体项目室内净化工程,http://www.ggzy.gov.cn/information/html/a/620000/0106/202004/28/006228e2324282164b519d6546e4da9e9e43.shtml,2020-04-28,甘肃省公共资源交易电子服务系统v2.0
江夏区城管执法局文印费,http://www.ggzy.gov.cn/information/html/a/420000/0203/202004/28/004223c99e400e694b6f84700b8e04c68e84.shtml,2020-04-28,湖北省政府采购网
乡道崔戴线改造工程施工及监理,http://www.ggzy.gov.cn/information/html/a/130000/0105/202004/28/00130781ec7b390b42ecae4115c15b0afd5d.shtml,2020-04-28,
滨湖新区污水厂扩容提标项目,http://www.ggzy.gov.cn/information/html/a/130000/0105/202004/28/00133e2ae4fae28c432dbf18b46f9df8a51a.shtml,2020-04-28,
海安市人大预算监督联网系统项目单一来源采购邀请公示,http://www.ggzy.gov.cn/information/html/a/320000/0201/202004/28/00328fe4d126a4f04f2e813f39cda7911666.shtml,2020-04-28,南通市电子交易平台
延安供电分公司生产调度楼项目弱电工程施工招标（二次）,http://www.ggzy.gov.cn/information/html/a/610000/0101/202004/28/00614f15b27d49374159bd971c5179716894.shtml,2020-04-28,全国公共资源交易平台（陕西省）
山东省潍坊市青州市庙子镇乡村振兴重大专项资金（中央财政补助）项目成交公告,http://www.ggzy.gov.cn/information/html/a/370000/0202/202004/28/003707b8b2ddb8154accb21e7bb4f253b777.shtml,2020-04-28,潍坊市公共资源电子交易系统
六枝特区学府壹号建设项目一期一标段施工招标,http://www.ggzy.gov.cn/information/html/a/520000/0105/202003/16/005274ed2a4fe1fe46ecb9334782feccd9b3.shtml,2020-04-28,六盘水市公共资源交易中心
市中心城区建成区雨污系统改造提升项目（新建管网及非开挖修复）施工,http://www.ggzy.gov.cn/information/html/a/520000/0105/202004/01/005242a1b19881944b79af62f61a4288cf62.shtml,2020-04-28,六盘水市公共资源交易中心
市中心城区建成区雨污系统改造提升项目-水钢污水处理厂工程,http://www.ggzy.gov.cn/information/html/a/520000/0105/202004/01/0052d314aa0838474ddba2b653229b51226e.shtml,2020-04-28,六盘水市公共资源交易中心
六盘水市钟山区夜景照明工程施工招标,http://www.ggzy.gov.cn/information/html/a/520000/0105/202001/08/0052b14049a3d6684a24987122bc525fc0b7.shtml,2020-04-28,六盘水市公共资源交易中心
六盘水红桥新区“山水别苑”建设项目一期设计+施工EPC总承包招标,http://www.ggzy.gov.cn/information/html/a/520000/0105/202004/26/005237495a4e84fe441e913cf45a0372cb2a.shtml,2020-04-28,六盘水市公共资源交易中心
六枝特区“四好农村”工程(绿化、公交车招呼站、公厕、服务管理用房工程）施工,http://www.ggzy.gov.cn/information/html/a/520000/0105/202001/16/0052087219f97cdc413fb1fe14fdb65e619f.shtml,2020-04-28,六盘水市公共资源交易中心
六枝特区牂牁江景区云上牂牁码头建设项目勘察、设计、施工（EPC）总承包招标,http://www.ggzy.gov.cn/information/html/a/520000/0105/202004/17/0052c9fe9dce3940458f8d13e427f12c4d75.shtml,2020-04-28,六盘水市公共资源交易中心
六枝特区学府壹号建设项目一期二标段施工招标,http://www.ggzy.gov.cn/information/html/a/520000/0105/202004/26/00523d2a0901892a414ba2abffcf6cebbd4f.shtml,2020-04-28,六盘水市公共资源交易中心
达川区石桥创AAAA景区生态水系工程勘察设计勘察设计,http://www.ggzy.gov.cn/information/html/a/510000/0101/202004/28/0051a4874c903ff74abb9e545ef4205ce911.shtml,2020-04-28,
江西爱信建设集团有限公司关于江西省石城县琴江镇人民政府石城县琴江镇沙塅村河背自然村落修缮建设工程（编,http://www.ggzy.gov.cn/information/html/a/360000/0204/202004/28/0036f57a594f41094e63b93c80089ded2687.shtml,2020-04-28,赣州市公共资源交易中心
辽宁海事局锦州船舶溢油应急设备库工程（自航式收油机库工程）,http://www.ggzy.gov.cn/information/html/a/210000/0101/202004/28/0021070bc14dc9bb45c991ed026bb0c9f64a.shtml,2020-04-28,锦州市公共资源平台
城建·蘭庭4#住宅楼及地下车库D建设项目,http://www.ggzy.gov.cn/information/html/a/370000/0101/202004/28/00378922df0483534007a9dec852ed6fa9ab.shtml,2020-04-28,泰安市公共资源电子交易平台
河间市交通运输局洒水车采购项目竞争性谈判公告,http://www.ggzy.gov.cn/information/html/a/130000/0201/202004/28/0013aa72c50b56fe4a3c8f4a093ea409925d.shtml,2020-04-28,
如皋市城南街道左邬村振兴道路建设工程,http://www.ggzy.gov.cn/information/html/a/320000/0101/202004/28/0032b3a391fcba884d20b8551a444c523f5c.shtml,2020-04-28,南通市电子交易平台
如皋市城南街道左邬村振兴道路建设工程招标文件,http://www.ggzy.gov.cn/information/html/a/320000/0105/202004/28/003251a0513d7ed148b98198c62d5e38fe46.shtml,2020-04-28,南通市电子交易平台
锦州市园林集团（锦州市城市园林绿化服务中心）2020年小凌河、女儿河城区段2艘割草船采购项目,http://www.ggzy.gov.cn/information/html/a/210000/0201/202004/28/0021d840a7bd145644548aceeb8fe3d5b886.shtml,2020-04-28,锦州市公共资源平台
平乡县住建局2020年双代项目第二批项目公告,http://www.ggzy.gov.cn/information/html/a/130000/0201/202004/28/0013e897f9b063154a3c9b8c92a244ba2111.shtml,2020-04-28,邢台市公共资源交易中心
南皮县2019年潞灌乡高标准农田建设项目,http://www.ggzy.gov.cn/information/html/a/130000/0105/202004/28/0013e5860fd950c944d3aeec28af15e51e7a.shtml,2020-04-28,
JSGC-HT-2020-036-9Z0100000,http://www.ggzy.gov.cn/information/html/a/370000/0105/202004/28/0037bdf933ff95ad45108cf7c76e14d6f64b.shtml,2020-04-28,潍坊市公共资源电子交易系统
北碚区复兴街道“四好农村路”长寒路、太玻路、栀子支路、大万路改建工程招标文件,http://www.ggzy.gov.cn/information/html/a/500000/0105/202004/28/0050efaba675ff31409e9f44b519098bfc66.shtml,2020-04-28,重庆市北碚区公共资源综合交易中心
驿涛项目管理有限公司关于井冈山经贸学校3D打印实训室建设（项目编号：驿涛政采字JS[2020]008号）询价采购结果公示,http://www.ggzy.gov.cn/information/html/a/360000/0202/202004/28/00367f34a9712ac6496b9ea5bb1ea03bd496.shtml,2020-04-28,吉安市公共资源交易中心
驿涛项目管理有限公司关于江西省吉水中学学生课桌凳等配套设施采购（项目编号：驿涛政采字JS[2020]010号）竞争性谈判结果公示,http://www.ggzy.gov.cn/information/html/a/360000/0202/202004/28/00362b580882b03c44f0a8e1a26ec2ffd7ad.shtml,2020-04-28,吉安市公共资源交易中心
江西恒嘉信息咨询有限公司关于鹰潭市关闭企业土壤环境调查评估项目（项目编号：JXHJ-202003010）电子化公开招标中标结果公告,http://www.ggzy.gov.cn/information/html/a/360000/0202/202004/28/00368f4a678a65b04fbaa902663b1816e31c.shtml,2020-04-28,鹰潭市公共资源交易中心
简阳市天府智慧林场项目&nbsp;(项目代码&nbsp;:2020-510185-01-03-425166)&nbsp;勘察设计&nbsp;/&nbsp;标段补遗&nbsp;01,http://www.ggzy.gov.cn/information/html/a/510000/0101/202004/28/0051a74b430022b04fb6b9ee8acaadebab2a.shtml,2020-04-28,成都市电子交易云平台
进贤县医疗器械产业园罗家路资格预审文件,http://www.ggzy.gov.cn/information/html/a/360000/0105/202004/28/0036b1983700925044cbb357e18c4a3daf97.shtml,2020-04-28,南昌市公共资源交易中心
沙地57-3号宗地成交公示,http://www.ggzy.gov.cn/information/html/a/420000/0302/202004/28/0042875cc201c71a4e54ba203992aaa9b31e.shtml,2020-04-28,恩施州国土资源网上交易平台
高唐县人和街道办事处2020年卷筒纸高速柔印铁丝骑马订联动线扶贫专项采购项目中标公示,http://www.ggzy.gov.cn/information/html/a/370000/0202/202004/28/0037283fdeee11ae4821b02c08bfee53f6eb.shtml,2020-04-28,聊城市公共资源电子交易平台
魏县农业农村局2020年高标准农田建设工程勘察设计费项目变更公告,http://www.ggzy.gov.cn/information/html/a/130000/0204/202004/28/00139589bfa1bf4841b49283344a5e7d0d87.shtml,2020-04-28,
兰州石化职业技术学院国家级煤化工教学资源库三期建设项目公开招标公告,http://www.ggzy.gov.cn/information/html/a/620000/0201/202004/28/0062d439b2122d1a4ac199d255ba40038ee2.shtml,2020-04-28,甘肃省公共资源交易电子服务系统v2.0
如皋市公安局2020年度零星工程-开标记录,http://www.ggzy.gov.cn/information/html/a/320000/0102/202004/28/0032db508d4d54084fe093ad207ebcd3bddf.shtml,2020-04-28,南通市电子交易平台
赣建新余招字【2020】002号-1的招标文件,http://www.ggzy.gov.cn/information/html/a/360000/0105/202004/28/0036e630c10818dd4f439beaa7c3e53ac775.shtml,2020-04-28,新余市公共资源交易中心
JTZB-2020-005-1的招标文件,http://www.ggzy.gov.cn/information/html/a/360000/0105/202004/28/0036f1f87d16c6f74f4081cd8d0283d3a23c.shtml,2020-04-28,萍乡市公共资源交易中心
新余市职业教育中心新校区建设项目一期工程设计,http://www.ggzy.gov.cn/information/html/a/360000/0101/202004/28/0036ef09a62fb2574388995a1c0b01ea5c10.shtml,2020-04-28,新余市公共资源交易中心
萍乡市城市公共交通有限公司利用德国促进贷款建设绿色公交项目代理银行项目,http://www.ggzy.gov.cn/information/html/a/360000/0101/202004/28/0036b2d78414d528456aa4ceb1ad08589a64.shtml,2020-04-28,萍乡市公共资源交易中心
甘肃省妇女儿童医疗综合体项目配电室设备采购及安装工程,http://www.ggzy.gov.cn/information/html/a/620000/0106/202004/28/0062e390a3ddd8f8456cafe786cb383543aa.shtml,2020-04-28,甘肃省公共资源交易电子服务系统v2.0
生物城环湖路道路及景观一期工程、生物城环湖路道路及景观二期工程、生物城环湖路道路及景观三期工程、生物城环湖路道路及景观四期工程、生物城环湖路道路及景观五期工程勘察设计&nbsp;/&nbsp;标段招标公告,http://www.ggzy.gov.cn/information/html/a/510000/0101/202004/28/0051644b2a026a53406899f47fc2f15b672a.shtml,2020-04-28,成都市电子交易云平台
南皮县2019年潞灌乡高标准农田建设项目,http://www.ggzy.gov.cn/information/html/a/130000/0105/202004/28/0013118bb336aeef45e697cbb452732ac399.shtml,2020-04-28,
正安县X328关于晏溪至新木公路改扩建工程（一、二标段）施工招标澄清文件,http://www.ggzy.gov.cn/information/html/a/520000/0105/202004/28/00524c1930e46cc3453f994b627d05902740.shtml,2020-04-28,遵义市公共资源交易中心
产芝水库环湖路亮化提升工程不分标段招标文件,http://www.ggzy.gov.cn/information/html/a/370000/0105/202004/28/0037d4d5008ab4ee4c739d58348a729e5039.shtml,2020-04-28,青岛市公共资源交易 电子交易系统
产芝水库环湖路亮化提升工程招标公告,http://www.ggzy.gov.cn/information/html/a/370000/0101/202004/28/00370edd14db984748caa24f657b107d2bec.shtml,2020-04-28,青岛市公共资源交易 电子交易系统
沾化区银河六路、金海四路、金海五路工程设计中标公示,http://www.ggzy.gov.cn/information/html/a/370000/0202/202004/28/0037a3f0d6b4d3dc4cd28784ae907d4b11e5.shtml,2020-04-28,滨州市公共资源电子交易系统
泗洪县曹庙乡现代化蚕室建设工程招标公告（资格后审）,http://www.ggzy.gov.cn/information/html/a/320000/0101/202004/28/0032f8d0980c65394282a493f108b7e6a254.shtml,2020-04-28,
水晶挂件、铁质件、小轿车等一批物品公开拍卖结果,http://www.ggzy.gov.cn/information/html/a/330000/9002/202004/28/0033a77c524217374e47bd0b6aaefea4b4a2.shtml,2020-04-28,金华市公共资源全流程电子交易综合系统
美姑县九口灌区建设项目（一期）监理,http://www.ggzy.gov.cn/information/html/a/510000/0101/202004/28/0051cd156917429343ecafbdd557ee149423.shtml,2020-04-28,
关于天门市黄金污水处理厂三期扩容工程监理招标的中标结果公告,http://www.ggzy.gov.cn/information/html/a/420000/0104/202004/28/0042ddd8bde81fe345e995da2d1ff58d3b94.shtml,2020-04-28,天门市公共资源交易网
邯郸市粮食质量安全检验检测体系建设质检仪器设备采购项目（进口产品）&nbsp;&nbsp;C包：三重四级杆气相色谱-质谱联用仪GCMSMS（进口）二次中标公告,http://www.ggzy.gov.cn/information/html/a/130000/0202/202004/28/0013d5f439433da84f119bc8f0c81bafc40f.shtml,2020-04-28,邯郸市公共资源电子交易平台
前海滨海岸线（桂湾、前湾段）功能配套完善及改造工程监理服务,http://www.ggzy.gov.cn/information/html/a/440000/0104/202004/28/0044c76623a4120543ce8b8532836e9c31f6.shtml,2020-04-28,深圳市电子招投标交易平台
固原市原州区综合执法局执法车辆政府采购项目(第二次)补充说明公告,http://www.ggzy.gov.cn/information/html/a/640000/0204/202004/28/0064c191300a81b7475286f1f7cd5f9a2bff.shtml,2020-04-28,宁夏公共资源交易服务平台
经济开发区110KV站新出10KV双回路配电工程招标公告,http://www.ggzy.gov.cn/information/html/a/130000/0201/202004/28/001302c663810694400197c5b4909c173b11.shtml,2020-04-28,
徂汶景区自然保护地整合优化项目中标公示,http://www.ggzy.gov.cn/information/html/a/370000/0202/202004/28/0037af043f2795bc41cfb92cb5b66901bc4e.shtml,2020-04-28,泰安市公共资源电子交易平台
恢复拍卖公告（鄞州区2套房屋三年租赁权拍卖）成交公告,http://www.ggzy.gov.cn/information/html/a/330000/9002/202004/28/0033d3dec727b0ef4096a2291734bb834d68.shtml,2020-04-28,宁波市公共资源网上交易暨电子检察系统
南皮县2019年潞灌乡高标准农田建设项目,http://www.ggzy.gov.cn/information/html/a/130000/0105/202004/28/001322a5039808594ead98b7d94f657ce279.shtml,2020-04-28,
XJAZGC-2020-4-100000000000关于仙居县财政局金财工程子系统维保服务项目（重新采购）的合同,http://www.ggzy.gov.cn/information/html/a/330000/0203/202004/28/00331620c60b1e0a4416978cc1313e1fc97f.shtml,2020-04-28,台州市公共资源交易系统
2020年银川市农广校高素质农民培育项目,http://www.ggzy.gov.cn/information/html/a/640000/0201/202004/28/006401c2ef0585ec457f9dd80e240aa691c1.shtml,2020-04-28,宁夏公共资源交易服务平台
关于庆洪路至大棋路连接线道路工程的招标文件,http://www.ggzy.gov.cn/information/html/a/420000/0105/202004/28/00424456a3cd4d5142ea8c4502a34ae57597.shtml,2020-04-28,黄石市公共资源交易平台
滦平县长山峪镇黄木局子村拦蓄供水工程勘测设计招标中标公告,http://www.ggzy.gov.cn/information/html/a/130000/0104/202004/28/0013f9a93df2e0684c02b69a20b7e567f144.shtml,2020-04-28,
梨树县公安局办公设备采购合同备案,http://www.ggzy.gov.cn/information/html/a/220000/0203/202004/28/0022dd4a5abcbe904740b263a509137cccd4.shtml,2020-04-28,四平市政务服务中心(新)
白山市浑江区大镜沟林场森林资源管护站工程项目合同备案,http://www.ggzy.gov.cn/information/html/a/220000/0203/202004/28/00227a118f3c33184d1faeca3778f601d047.shtml,2020-04-28,白山电子招投标交易平台
白山市康宁医院信息安全技术网络安全等级保护项目合同备案,http://www.ggzy.gov.cn/information/html/a/220000/0203/202004/28/00221a952fbb14a84a8792a362e03c9d9670.shtml,2020-04-28,白山电子招投标交易平台
宜昌市西陵区市场监督管理局车辆保险采购合同,http://www.ggzy.gov.cn/information/html/a/420000/0203/202004/28/00421cac6b7a988f4ec99a1538a291141a54.shtml,2020-04-28,湖北省政府采购网
Z1309832000552301黄骅镇楼西村大队部建设工程结果公告,http://www.ggzy.gov.cn/information/html/a/130000/0202/202004/28/00131f025b30a320491dbb3d46aa9f819264.shtml,2020-04-28,
马尔康市干部职工周转宿舍（二、三期）、马尔康市马尔康镇日瓦坝、阿底片区市政基础设施建设项目施工招标,http://www.ggzy.gov.cn/information/html/a/510000/0101/202004/28/00516388820d34f548f39c6821fe704c7b60.shtml,2020-04-28,1.阿坝州工程建设项目电子交易系统 2.阿坝州政府采购电子交易系统 3.阿坝州国有产权和土地矿权电子交易系统 4.阿坝州中介机构信用系统 5.阿坝州政府采购网上竞价系统
若尔盖县村间连接路（阿阿路）建设项目工程,http://www.ggzy.gov.cn/information/html/a/510000/0101/202004/28/0051581ca3203c0240ab83649420944ef472.shtml,2020-04-28,1.阿坝州工程建设项目电子交易系统 2.阿坝州政府采购电子交易系统 3.阿坝州国有产权和土地矿权电子交易系统 4.阿坝州中介机构信用系统 5.阿坝州政府采购网上竞价系统
乡道崔戴线改造工程施工及监理,http://www.ggzy.gov.cn/information/html/a/130000/0105/202004/28/0013cf9665d9c4884e3ca8653d5b496a6131.shtml,2020-04-28,
幸福家苑一期电梯采购项目【合同】,http://www.ggzy.gov.cn/information/html/a/360000/0203/202004/28/00369f583b45c3c54871b4b1e52718e71957.shtml,2020-04-28,吉安市公共资源交易中心
冷水滩区市场监督管理局2020年度食品抽检采购项目,http://www.ggzy.gov.cn/information/html/a/430000/0204/202004/28/00437d1ced8993ed40f0b3b5580aa635f583.shtml,2020-04-28,
中山市古镇镇土地房屋征收中心古镇美利路旁工业项目用地填泥（含清苗）平整工程澄清公告,http://www.ggzy.gov.cn/information/html/a/440000/0204/202004/28/00446061977cdec943f0a39071798aeb3480.shtml,2020-04-28,中山市公共资源交易平台
滨湖新区污水厂扩容提标项目,http://www.ggzy.gov.cn/information/html/a/130000/0105/202004/28/00139ef87a2821ea494c9f1621648e24d96a.shtml,2020-04-28,
S331涟源市杨市镇绕镇公路工程施工招标公告补充公告,http://www.ggzy.gov.cn/information/html/a/430000/0101/202004/28/00439f5095eab03b44a391b0119595785c38.shtml,2020-04-28,
启东城投商务楼工程-开标记录,http://www.ggzy.gov.cn/information/html/a/320000/0102/202004/28/0032b69b454b68ec4dccb3619b47035e82bb.shtml,2020-04-28,南通市电子交易平台
微山县人民医院医养结合综合体项目监理招标公告,http://www.ggzy.gov.cn/information/html/a/370000/0101/202004/09/003735e96da7020d4fff88901063196b9d17.shtml,2020-04-28,济宁市公共资源交易服务平台
2019-2020年度低质低效林改造服务项目【合同】,http://www.ggzy.gov.cn/information/html/a/360000/0203/202004/28/0036fc7bd80664c04244923a0cfa138f8e23.shtml,2020-04-28,赣州市公共资源交易中心
中山翠亨新区园林、环卫、路灯及市政设施维护监理项目澄清公告,http://www.ggzy.gov.cn/information/html/a/440000/0204/202004/28/004491cb61dd78374deeba6dc1f6add40413.shtml,2020-04-28,中山市公共资源交易平台
遵义市红花岗区湘江河支流洛江河莲池段治理工程施工招标中标结果公示,http://www.ggzy.gov.cn/information/html/a/520000/0104/202004/28/00528037c0c5bf1e4dce82a3d4c0812a7835.shtml,2020-04-28,遵义市公共资源交易中心
JSGC-CY-2020-13-4Z01000000,http://www.ggzy.gov.cn/information/html/a/370000/0105/202004/28/00374160bea2d91f4b429c0f5cd33fbdb2d3.shtml,2020-04-28,潍坊市公共资源电子交易系统
(江宁分中心)格悦供应链管理（南京）有限公司项目地块场平工程施工,http://www.ggzy.gov.cn/information/html/a/320000/0104/202004/28/0032adb2634237574289a6006e6c8ee276eb.shtml,2020-04-28,南京市国有产权交易系统
务川县黄都中心完小易地新建工程项目-（综合办公楼、学校大门、学生食堂、景观工程）施工招标,http://www.ggzy.gov.cn/information/html/a/520000/0104/202004/28/005216092998727b442c82e4c10cfbb4dda6.shtml,2020-04-28,遵义市公共资源交易中心
JSGC-CY-2020-13-3Z01000000,http://www.ggzy.gov.cn/information/html/a/370000/0105/202004/28/0037cdd4dc8d556c479889b00ec77aae70ce.shtml,2020-04-28,潍坊市公共资源电子交易系统
沁水县土沃乡四村联建旅游休闲区建设项目（一期）EPC总承包招标二次变更公告,http://www.ggzy.gov.cn/information/html/a/140000/0101/202004/28/00147121d4b0898246d9a42db8c997c3d248.shtml,2020-04-28,山西新点招投标交易平台
尚义县大青沟镇易地扶贫搬迁区希望路升级工程中标公告,http://www.ggzy.gov.cn/information/html/a/130000/0202/202004/28/00136f56d62db703448c9c4c578a857491a7.shtml,2020-04-28,
四川藏区高速公路联合技术攻关雅康高速YK6、YK7标段科研服务项目招标公告,http://www.ggzy.gov.cn/information/html/a/510000/0101/202004/28/0051d147ec76a49c426ca147966d3ce34f50.shtml,2020-04-28,
JSGC-CY-2020-13-2Z01000000,http://www.ggzy.gov.cn/information/html/a/370000/0105/202004/28/00370b682973caf24e068e35105f265dbf69.shtml,2020-04-28,潍坊市公共资源电子交易系统
航天科工空间工程发展有限公司卫星产业园（一期）建设项目（EPC）总承包施工总承包弱电工程专业分包中标候选人公示,http://www.ggzy.gov.cn/information/html/a/420000/0104/202004/28/004257e61dd5594c4492b06ef4e96fcc8795.shtml,2020-04-28,东风电子招标交易平台
甘肃省疾病预防控制中心物业服务(2年)采购项目,http://www.ggzy.gov.cn/information/html/a/620000/0202/202004/28/0062d2bd0edb0b3749b78a7e5aba9ecef6a7.shtml,2020-04-28,甘肃省公共资源交易电子服务系统v2.0
色达县公安局信息技术与执法办案中心,http://www.ggzy.gov.cn/information/html/a/510000/0101/202004/28/0051f46023bb35d4436fa28116d7a5ae57c6.shtml,2020-04-28,全国公共资源交易平台（四川省·甘孜州）
稻城县金珠镇后山路建设项目,http://www.ggzy.gov.cn/information/html/a/510000/0101/202004/28/0051b4eb470ec3324e3e90e35e5b32e93795.shtml,2020-04-28,全国公共资源交易平台（四川省·甘孜州）
盐边县中医院“十百千”工程,http://www.ggzy.gov.cn/information/html/a/510000/0101/202004/28/0051f41e9d36cd2e47cf98745ed8ac181c75.shtml,2020-04-28,
遂川县妇幼保健计划生育服务中心分体空调及电视机采购项目（第二次）招标文件的补遗公告,http://www.ggzy.gov.cn/information/html/a/360000/0204/202004/28/0036eda211eb707448049d95c168a8173ce6.shtml,2020-04-28,吉安市公共资源交易中心
江西省鼎跃招标咨询有限公司关于江西省江西财经大学2020年端午节福利采购项目(采购编号：JXDY2020-G0010-02包)电子化公开招标公告,http://www.ggzy.gov.cn/information/html/a/360000/0201/202004/28/00361cfea61f22994adc8e176a20f2ef2695.shtml,2020-04-28,南昌市公共资源交易中心
关于天门市黄金污水处理厂三期扩容工程的中标结果公告,http://www.ggzy.gov.cn/information/html/a/420000/0104/202004/28/0042d11d570fda424a55a3441d1d133f2e62.shtml,2020-04-28,天门市公共资源交易网
大余县城2020—2021年党政机关会议定点场所资格,http://www.ggzy.gov.cn/information/html/a/360000/0201/202004/28/003670eb37a10ac74774a03364288a5eff5f.shtml,2020-04-28,赣州市公共资源交易中心
江西诚信伟业招标咨询有限公司关于南昌县城市管理局采购装配式垃圾站设备及车辆项目（招标编号：1493-206104104030）电子化公开招标公告,http://www.ggzy.gov.cn/information/html/a/360000/0201/202004/28/003639dc2bc4c4b24abbb7df688473fa3a75.shtml,2020-04-28,南昌市公共资源交易中心
江西省鼎跃招标咨询有限公司关于江西省江西财经大学2020年端午节福利采购项目(采购编号：JXDY2020-G0010-01包)电子化公开招标公告,http://www.ggzy.gov.cn/information/html/a/360000/0201/202004/28/0036242cb1faf24a4c438cf4cd088b29354e.shtml,2020-04-28,南昌市公共资源交易中心
海安市人大预算监督联网系统项目单一来源采购邀请公示,http://www.ggzy.gov.cn/information/html/a/320000/0201/202004/28/00328fe4d126a4f04f2e813f39cda7911666.shtml,2020-04-28,南通市电子交易平台
延安供电分公司生产调度楼项目弱电工程施工招标（二次）,http://www.ggzy.gov.cn/information/html/a/610000/0101/202004/28/00614f15b27d49374159bd971c5179716894.shtml,2020-04-28,全国公共资源交易平台（陕西省）
日照市岚山区人民医院电视机采购项目公开招标公告,http://www.ggzy.gov.cn/information/html/a/370000/0201/202004/28/003730e9dd5d61d1439e834e9a4cc5b9a21c.shtml,2020-04-28,日照市公共资源电子交易平台
山东省潍坊市青州市庙子镇乡村振兴重大专项资金（中央财政补助）项目成交公告,http://www.ggzy.gov.cn/information/html/a/370000/0202/202004/28/003707b8b2ddb8154accb21e7bb4f253b777.shtml,2020-04-28,潍坊市公共资源电子交易系统
会宁县2020年养护维修项目正常公示,http://www.ggzy.gov.cn/information/html/a/620000/0104/202004/28/00623b60494bf66943f185ac8493ab62e784.shtml,2020-04-28,白银市公共资源交易电子招投标系统
六枝特区学府壹号建设项目一期一标段施工招标,http://www.ggzy.gov.cn/information/html/a/520000/0105/202003/16/005274ed2a4fe1fe46ecb9334782feccd9b3.shtml,2020-04-28,六盘水市公共资源交易中心
市中心城区建成区雨污系统改造提升项目（新建管网及非开挖修复）施工,http://www.ggzy.gov.cn/information/html/a/520000/0105/202004/01/005242a1b19881944b79af62f61a4288cf62.shtml,2020-04-28,六盘水市公共资源交易中心
市中心城区建成区雨污系统改造提升项目-水钢污水处理厂工程,http://www.ggzy.gov.cn/information/html/a/520000/0105/202004/01/0052d314aa0838474ddba2b653229b51226e.shtml,2020-04-28,六盘水市公共资源交易中心
六盘水市钟山区夜景照明工程施工招标,http://www.ggzy.gov.cn/information/html/a/520000/0105/202001/08/0052b14049a3d6684a24987122bc525fc0b7.shtml,2020-04-28,六盘水市公共资源交易中心
中国凉都六盘水月照养生养老基地智能化系统工程（一期）施工招标,http://www.ggzy.gov.cn/information/html/a/520000/0105/202004/28/00529de265e05cfe495596e1c1070545d5f4.shtml,2020-04-28,六盘水市公共资源交易中心
六盘水红桥新区“山水别苑”建设项目一期设计+施工EPC总承包招标,http://www.ggzy.gov.cn/information/html/a/520000/0105/202004/26/005237495a4e84fe441e913cf45a0372cb2a.shtml,2020-04-28,六盘水市公共资源交易中心
六枝特区“四好农村”工程(绿化、公交车招呼站、公厕、服务管理用房工程）施工,http://www.ggzy.gov.cn/information/html/a/520000/0105/202001/16/0052087219f97cdc413fb1fe14fdb65e619f.shtml,2020-04-28,六盘水市公共资源交易中心
六枝特区牂牁江景区云上牂牁码头建设项目勘察、设计、施工（EPC）总承包招标,http://www.ggzy.gov.cn/information/html/a/520000/0105/202004/17/0052c9fe9dce3940458f8d13e427f12c4d75.shtml,2020-04-28,六盘水市公共资源交易中心
六枝特区学府壹号建设项目一期二标段施工招标,http://www.ggzy.gov.cn/information/html/a/520000/0105/202004/26/00523d2a0901892a414ba2abffcf6cebbd4f.shtml,2020-04-28,六盘水市公共资源交易中心
野玉海景区五组团二期室外附属工程,http://www.ggzy.gov.cn/information/html/a/520000/0105/202004/28/005273f03b6876ec46d29f449bebc6ad5c36.shtml,2020-04-28,六盘水市公共资源交易中心
达川区石桥创AAAA景区生态水系工程勘察设计勘察设计,http://www.ggzy.gov.cn/information/html/a/510000/0101/202004/28/0051a4874c903ff74abb9e545ef4205ce911.shtml,2020-04-28,
江西爱信建设集团有限公司关于江西省石城县琴江镇人民政府石城县琴江镇沙塅村河背自然村落修缮建设工程（编,http://www.ggzy.gov.cn/information/html/a/360000/0204/202004/28/0036f57a594f41094e63b93c80089ded2687.shtml,2020-04-28,赣州市公共资源交易中心
辽宁海事局锦州船舶溢油应急设备库工程（自航式收油机库工程）,http://www.ggzy.gov.cn/information/html/a/210000/0101/202004/28/0021070bc14dc9bb45c991ed026bb0c9f64a.shtml,2020-04-28,锦州市公共资源平台
江西省百巨招标咨询有限公司关于江西艺术职业学院安保服务采购项目（招标编号：JXBJ20121305101）电子化公开招标公告,http://www.ggzy.gov.cn/information/html/a/360000/0201/202004/28/003667284d8b9d8c4c9083f311b0e10e1e80.shtml,2020-04-28,南昌市公共资源交易中心
城建·蘭庭4#住宅楼及地下车库D建设项目,http://www.ggzy.gov.cn/information/html/a/370000/0101/202004/28/00378922df0483534007a9dec852ed6fa9ab.shtml,2020-04-28,泰安市公共资源电子交易平台
河间市交通运输局洒水车采购项目竞争性谈判公告,http://www.ggzy.gov.cn/information/html/a/130000/0201/202004/28/0013aa72c50b56fe4a3c8f4a093ea409925d.shtml,2020-04-28,
如皋市城南街道左邬村振兴道路建设工程,http://www.ggzy.gov.cn/information/html/a/320000/0101/202004/28/0032b3a391fcba884d20b8551a444c523f5c.shtml,2020-04-28,南通市电子交易平台
如皋市城南街道左邬村振兴道路建设工程招标文件,http://www.ggzy.gov.cn/information/html/a/320000/0105/202004/28/003251a0513d7ed148b98198c62d5e38fe46.shtml,2020-04-28,南通市电子交易平台
锦州市园林集团（锦州市城市园林绿化服务中心）2020年小凌河、女儿河城区段2艘割草船采购项目,http://www.ggzy.gov.cn/information/html/a/210000/0201/202004/28/0021d840a7bd145644548aceeb8fe3d5b886.shtml,2020-04-28,锦州市公共资源平台
平乡县住建局2020年双代项目第二批项目公告,http://www.ggzy.gov.cn/information/html/a/130000/0201/202004/28/0013e897f9b063154a3c9b8c92a244ba2111.shtml,2020-04-28,邢台市公共资源交易中心
南皮县2019年潞灌乡高标准农田建设项目,http://www.ggzy.gov.cn/information/html/a/130000/0105/202004/28/0013e5860fd950c944d3aeec28af15e51e7a.shtml,2020-04-28,
JSGC-HT-2020-036-9Z0100000,http://www.ggzy.gov.cn/information/html/a/370000/0105/202004/28/0037bdf933ff95ad45108cf7c76e14d6f64b.shtml,2020-04-28,潍坊市公共资源电子交易系统
北碚区复兴街道“四好农村路”长寒路、太玻路、栀子支路、大万路改建工程招标文件,http://www.ggzy.gov.cn/information/html/a/500000/0105/202004/28/0050efaba675ff31409e9f44b519098bfc66.shtml,2020-04-28,重庆市北碚区公共资源综合交易中心
驿涛项目管理有限公司关于井冈山经贸学校3D打印实训室建设（项目编号：驿涛政采字JS[2020]008号）询价采购结果公示,http://www.ggzy.gov.cn/information/html/a/360000/0202/202004/28/00367f34a9712ac6496b9ea5bb1ea03bd496.shtml,2020-04-28,吉安市公共资源交易中心
驿涛项目管理有限公司关于江西省吉水中学学生课桌凳等配套设施采购（项目编号：驿涛政采字JS[2020]010号）竞争性谈判结果公示,http://www.ggzy.gov.cn/information/html/a/360000/0202/202004/28/00362b580882b03c44f0a8e1a26ec2ffd7ad.shtml,2020-04-28,吉安市公共资源交易中心
江西恒嘉信息咨询有限公司关于鹰潭市关闭企业土壤环境调查评估项目（项目编号：JXHJ-202003010）电子化公开招标中标结果公告,http://www.ggzy.gov.cn/information/html/a/360000/0202/202004/28/00368f4a678a65b04fbaa902663b1816e31c.shtml,2020-04-28,鹰潭市公共资源交易中心
九江平青工程造价咨询有限公司关于九江市浔阳区甘棠街道便民服务中心弱电系统集成服务采购项目（招标编号：JJPQZB2020-001）竞争性磋商中标公告,http://www.ggzy.gov.cn/information/html/a/360000/0202/202004/28/00362b833c735b944c589a084b98a4cb8698.shtml,2020-04-28,九江市公共资源交易中心
简阳市天府智慧林场项目&nbsp;(项目代码&nbsp;:2020-510185-01-03-425166)&nbsp;勘察设计&nbsp;/&nbsp;标段补遗&nbsp;01,http://www.ggzy.gov.cn/information/html/a/510000/0101/202004/28/0051a74b430022b04fb6b9ee8acaadebab2a.shtml,2020-04-28,成都市电子交易云平台
进贤县医疗器械产业园罗家路资格预审文件,http://www.ggzy.gov.cn/information/html/a/360000/0105/202004/28/0036b1983700925044cbb357e18c4a3daf97.shtml,2020-04-28,南昌市公共资源交易中心
沙地57-3号宗地成交公示,http://www.ggzy.gov.cn/information/html/a/420000/0302/202004/28/0042875cc201c71a4e54ba203992aaa9b31e.shtml,2020-04-28,恩施州国土资源网上交易平台
高唐县人和街道办事处2020年卷筒纸高速柔印铁丝骑马订联动线扶贫专项采购项目中标公示,http://www.ggzy.gov.cn/information/html/a/370000/0202/202004/28/0037283fdeee11ae4821b02c08bfee53f6eb.shtml,2020-04-28,聊城市公共资源电子交易平台
魏县农业农村局2020年高标准农田建设工程勘察设计费项目变更公告,http://www.ggzy.gov.cn/information/html/a/130000/0204/202004/28/00139589bfa1bf4841b49283344a5e7d0d87.shtml,2020-04-28,
兰州石化职业技术学院国家级煤化工教学资源库三期建设项目公开招标公告,http://www.ggzy.gov.cn/information/html/a/620000/0201/202004/28/0062d439b2122d1a4ac199d255ba40038ee2.shtml,2020-04-28,甘肃省公共资源交易电子服务系统v2.0
潍坊市寒亭区县道危桥改造工程,http://www.ggzy.gov.cn/information/html/a/370000/0104/202004/28/0037e746cc51bc3d47959eee06fa28e5fce2.shtml,2020-04-28,潍坊市公共资源电子交易系统
如皋市公安局2020年度零星工程-开标记录,http://www.ggzy.gov.cn/information/html/a/320000/0102/202004/28/0032db508d4d54084fe093ad207ebcd3bddf.shtml,2020-04-28,南通市电子交易平台
滨州市滨城区梁才街道办事处第八小学（实验小学）第一教学楼、第二教学楼（幼儿园）建设项目施工招标中标公示,http://www.ggzy.gov.cn/information/html/a/370000/0104/202004/28/00375ee2cd98b6a64a248f475cf7293cffd3.shtml,2020-04-28,滨州市公共资源电子交易系统
赣建新余招字【2020】002号-1的招标文件,http://www.ggzy.gov.cn/information/html/a/360000/0105/202004/28/0036e630c10818dd4f439beaa7c3e53ac775.shtml,2020-04-28,新余市公共资源交易中心
JTZB-2020-005-1的招标文件,http://www.ggzy.gov.cn/information/html/a/360000/0105/202004/28/0036f1f87d16c6f74f4081cd8d0283d3a23c.shtml,2020-04-28,萍乡市公共资源交易中心
新余市职业教育中心新校区建设项目一期工程设计,http://www.ggzy.gov.cn/information/html/a/360000/0101/202004/28/0036ef09a62fb2574388995a1c0b01ea5c10.shtml,2020-04-28,新余市公共资源交易中心
萍乡市城市公共交通有限公司利用德国促进贷款建设绿色公交项目代理银行项目,http://www.ggzy.gov.cn/information/html/a/360000/0101/202004/28/0036b2d78414d528456aa4ceb1ad08589a64.shtml,2020-04-28,萍乡市公共资源交易中心
甘肃省妇女儿童医疗综合体项目配电室设备采购及安装工程,http://www.ggzy.gov.cn/information/html/a/620000/0106/202004/28/0062e390a3ddd8f8456cafe786cb383543aa.shtml,2020-04-28,甘肃省公共资源交易电子服务系统v2.0
生物城环湖路道路及景观一期工程、生物城环湖路道路及景观二期工程、生物城环湖路道路及景观三期工程、生物城环湖路道路及景观四期工程、生物城环湖路道路及景观五期工程勘察设计&nbsp;/&nbsp;标段招标公告,http://www.ggzy.gov.cn/information/html/a/510000/0101/202004/28/0051644b2a026a53406899f47fc2f15b672a.shtml,2020-04-28,成都市电子交易云平台
南皮县2019年潞灌乡高标准农田建设项目,http://www.ggzy.gov.cn/information/html/a/130000/0105/202004/28/0013118bb336aeef45e697cbb452732ac399.shtml,2020-04-28,
正安县X328关于晏溪至新木公路改扩建工程（一、二标段）施工招标澄清文件,http://www.ggzy.gov.cn/information/html/a/520000/0105/202004/28/00524c1930e46cc3453f994b627d05902740.shtml,2020-04-28,遵义市公共资源交易中心
产芝水库环湖路亮化提升工程不分标段招标文件,http://www.ggzy.gov.cn/information/html/a/370000/0105/202004/28/0037d4d5008ab4ee4c739d58348a729e5039.shtml,2020-04-28,青岛市公共资源交易 电子交易系统
上合示范区环境景观综合整治及优化提升工程设计施工总承包中标公告,http://www.ggzy.gov.cn/information/html/a/370000/0104/202004/28/0037f5f5b3a21a9e46619f024344ed218b3c.shtml,2020-04-28,青岛市公共资源交易 电子交易系统
上合示范区环境景观综合整治及优化提升工程监理中标公告,http://www.ggzy.gov.cn/information/html/a/370000/0104/202004/28/003719cfcfcecbb04d3190c2f03d7fc45e90.shtml,2020-04-28,青岛市公共资源交易 电子交易系统
产芝水库环湖路亮化提升工程招标公告,http://www.ggzy.gov.cn/information/html/a/370000/0101/202004/28/00370edd14db984748caa24f657b107d2bec.shtml,2020-04-28,青岛市公共资源交易 电子交易系统
沾化区银河六路、金海四路、金海五路工程设计中标公示,http://www.ggzy.gov.cn/information/html/a/370000/0202/202004/28/0037a3f0d6b4d3dc4cd28784ae907d4b11e5.shtml,2020-04-28,滨州市公共资源电子交易系统
泗洪县曹庙乡现代化蚕室建设工程招标公告（资格后审）,http://www.ggzy.gov.cn/information/html/a/320000/0101/202004/28/0032f8d0980c65394282a493f108b7e6a254.shtml,2020-04-28,
水晶挂件、铁质件、小轿车等一批物品公开拍卖结果,http://www.ggzy.gov.cn/information/html/a/330000/9002/202004/28/0033a77c524217374e47bd0b6aaefea4b4a2.shtml,2020-04-28,金华市公共资源全流程电子交易综合系统
美姑县九口灌区建设项目（一期）监理,http://www.ggzy.gov.cn/information/html/a/510000/0101/202004/28/0051cd156917429343ecafbdd557ee149423.shtml,2020-04-28,
关于天门市黄金污水处理厂三期扩容工程监理招标的中标结果公告,http://www.ggzy.gov.cn/information/html/a/420000/0104/202004/28/0042ddd8bde81fe345e995da2d1ff58d3b94.shtml,2020-04-28,天门市公共资源交易网
邯郸市粮食质量安全检验检测体系建设质检仪器设备采购项目（进口产品）&nbsp;&nbsp;C包：三重四级杆气相色谱-质谱联用仪GCMSMS（进口）二次中标公告,http://www.ggzy.gov.cn/information/html/a/130000/0202/202004/28/0013d5f439433da84f119bc8f0c81bafc40f.shtml,2020-04-28,邯郸市公共资源电子交易平台
前海滨海岸线（桂湾、前湾段）功能配套完善及改造工程监理服务,http://www.ggzy.gov.cn/information/html/a/440000/0104/202004/28/0044c76623a4120543ce8b8532836e9c31f6.shtml,2020-04-28,深圳市电子招投标交易平台
固原市原州区综合执法局执法车辆政府采购项目(第二次)补充说明公告,http://www.ggzy.gov.cn/information/html/a/640000/0204/202004/28/0064c191300a81b7475286f1f7cd5f9a2bff.shtml,2020-04-28,宁夏公共资源交易服务平台
经济开发区110KV站新出10KV双回路配电工程招标公告,http://www.ggzy.gov.cn/information/html/a/130000/0201/202004/28/001302c663810694400197c5b4909c173b11.shtml,2020-04-28,
徂汶景区自然保护地整合优化项目中标公示,http://www.ggzy.gov.cn/information/html/a/370000/0202/202004/28/0037af043f2795bc41cfb92cb5b66901bc4e.shtml,2020-04-28,泰安市公共资源电子交易平台
恢复拍卖公告（鄞州区2套房屋三年租赁权拍卖）成交公告,http://www.ggzy.gov.cn/information/html/a/330000/9002/202004/28/0033d3dec727b0ef4096a2291734bb834d68.shtml,2020-04-28,宁波市公共资源网上交易暨电子检察系统
南皮县2019年潞灌乡高标准农田建设项目,http://www.ggzy.gov.cn/information/html/a/130000/0105/202004/28/001322a5039808594ead98b7d94f657ce279.shtml,2020-04-28,
XJAZGC-2020-4-100000000000关于仙居县财政局金财工程子系统维保服务项目（重新采购）的合同,http://www.ggzy.gov.cn/information/html/a/330000/0203/202004/28/00331620c60b1e0a4416978cc1313e1fc97f.shtml,2020-04-28,台州市公共资源交易系统
2020年银川市农广校高素质农民培育项目,http://www.ggzy.gov.cn/information/html/a/640000/0201/202004/28/006401c2ef0585ec457f9dd80e240aa691c1.shtml,2020-04-28,宁夏公共资源交易服务平台
关于庆洪路至大棋路连接线道路工程的招标文件,http://www.ggzy.gov.cn/information/html/a/420000/0105/202004/28/00424456a3cd4d5142ea8c4502a34ae57597.shtml,2020-04-28,黄石市公共资源交易平台
S242临商线茌平北胡庄至杨庄段大修工程施工,http://www.ggzy.gov.cn/information/html/a/370000/0201/202004/28/003751e037cd785b42ea9f733ee0f71d915a.shtml,2020-04-28,聊城市公共资源电子交易平台
S242临商线茌平北胡庄至杨庄段大修工程施工监理,http://www.ggzy.gov.cn/information/html/a/370000/0201/202004/28/003748d6ab3b311b4ddaa42e3ed3418d047f.shtml,2020-04-28,聊城市公共资源电子交易平台
滦平县长山峪镇黄木局子村拦蓄供水工程勘测设计招标中标公告,http://www.ggzy.gov.cn/information/html/a/130000/0104/202004/28/0013f9a93df2e0684c02b69a20b7e567f144.shtml,2020-04-28,
梨树县公安局办公设备采购合同备案,http://www.ggzy.gov.cn/information/html/a/220000/0203/202004/28/0022dd4a5abcbe904740b263a509137cccd4.shtml,2020-04-28,四平市政务服务中心(新)
白山市浑江区大镜沟林场森林资源管护站工程项目合同备案,http://www.ggzy.gov.cn/information/html/a/220000/0203/202004/28/00227a118f3c33184d1faeca3778f601d047.shtml,2020-04-28,白山电子招投标交易平台
白山市康宁医院信息安全技术网络安全等级保护项目合同备案,http://www.ggzy.gov.cn/information/html/a/220000/0203/202004/28/00221a952fbb14a84a8792a362e03c9d9670.shtml,2020-04-28,白山电子招投标交易平台
宜昌市西陵区市场监督管理局车辆保险采购合同,http://www.ggzy.gov.cn/information/html/a/420000/0203/202004/28/00421cac6b7a988f4ec99a1538a291141a54.shtml,2020-04-28,湖北省政府采购网
Z1309832000552301黄骅镇楼西村大队部建设工程结果公告,http://www.ggzy.gov.cn/information/html/a/130000/0202/202004/28/00131f025b30a320491dbb3d46aa9f819264.shtml,2020-04-28,
马尔康市干部职工周转宿舍（二、三期）、马尔康市马尔康镇日瓦坝、阿底片区市政基础设施建设项目施工招标,http://www.ggzy.gov.cn/information/html/a/510000/0101/202004/28/00516388820d34f548f39c6821fe704c7b60.shtml,2020-04-28,1.阿坝州工程建设项目电子交易系统 2.阿坝州政府采购电子交易系统 3.阿坝州国有产权和土地矿权电子交易系统 4.阿坝州中介机构信用系统 5.阿坝州政府采购网上竞价系统
若尔盖县村间连接路（阿阿路）建设项目工程,http://www.ggzy.gov.cn/information/html/a/510000/0101/202004/28/0051581ca3203c0240ab83649420944ef472.shtml,2020-04-28,1.阿坝州工程建设项目电子交易系统 2.阿坝州政府采购电子交易系统 3.阿坝州国有产权和土地矿权电子交易系统 4.阿坝州中介机构信用系统 5.阿坝州政府采购网上竞价系统
乡道崔戴线改造工程施工及监理,http://www.ggzy.gov.cn/information/html/a/130000/0105/202004/28/0013cf9665d9c4884e3ca8653d5b496a6131.shtml,2020-04-28,
幸福家苑一期电梯采购项目【合同】,http://www.ggzy.gov.cn/information/html/a/360000/0203/202004/28/00369f583b45c3c54871b4b1e52718e71957.shtml,2020-04-28,吉安市公共资源交易中心
12210700072196778X001558002001的招标文件,http://www.ggzy.gov.cn/information/html/a/210000/0105/202004/28/002189461c71afbc43f2b30fd7d47fe25df9.shtml,2020-04-28,锦州市公共资源平台
冷水滩区市场监督管理局2020年度食品抽检采购项目,http://www.ggzy.gov.cn/information/html/a/430000/0204/202004/28/00437d1ced8993ed40f0b3b5580aa635f583.shtml,2020-04-28,
中山市古镇镇土地房屋征收中心古镇美利路旁工业项目用地填泥（含清苗）平整工程澄清公告,http://www.ggzy.gov.cn/information/html/a/440000/0204/202004/28/00446061977cdec943f0a39071798aeb3480.shtml,2020-04-28,中山市公共资源交易平台
滨湖新区污水厂扩容提标项目,http://www.ggzy.gov.cn/information/html/a/130000/0105/202004/28/00139ef87a2821ea494c9f1621648e24d96a.shtml,2020-04-28,
S331涟源市杨市镇绕镇公路工程施工招标公告补充公告,http://www.ggzy.gov.cn/information/html/a/430000/0101/202004/28/00439f5095eab03b44a391b0119595785c38.shtml,2020-04-28,
启东城投商务楼工程-开标记录,http://www.ggzy.gov.cn/information/html/a/320000/0102/202004/28/0032b69b454b68ec4dccb3619b47035e82bb.shtml,2020-04-28,南通市电子交易平台
微山县人民医院医养结合综合体项目监理招标公告,http://www.ggzy.gov.cn/information/html/a/370000/0101/202004/09/003735e96da7020d4fff88901063196b9d17.shtml,2020-04-28,济宁市公共资源交易服务平台
2019-2020年度低质低效林改造服务项目【合同】,http://www.ggzy.gov.cn/information/html/a/360000/0203/202004/28/0036fc7bd80664c04244923a0cfa138f8e23.shtml,2020-04-28,赣州市公共资源交易中心
中山翠亨新区园林、环卫、路灯及市政设施维护监理项目澄清公告,http://www.ggzy.gov.cn/information/html/a/440000/0204/202004/28/004491cb61dd78374deeba6dc1f6add40413.shtml,2020-04-28,中山市公共资源交易平台
遵义市红花岗区湘江河支流洛江河莲池段治理工程施工招标中标结果公示,http://www.ggzy.gov.cn/information/html/a/520000/0104/202004/28/00528037c0c5bf1e4dce82a3d4c0812a7835.shtml,2020-04-28,遵义市公共资源交易中心
JSGC-CY-2020-13-4Z01000000,http://www.ggzy.gov.cn/information/html/a/370000/0105/202004/28/00374160bea2d91f4b429c0f5cd33fbdb2d3.shtml,2020-04-28,潍坊市公共资源电子交易系统
(江宁分中心)格悦供应链管理（南京）有限公司项目地块场平工程施工,http://www.ggzy.gov.cn/information/html/a/320000/0104/202004/28/0032adb2634237574289a6006e6c8ee276eb.shtml,2020-04-28,南京市国有产权交易系统
务川县黄都中心完小易地新建工程项目-（综合办公楼、学校大门、学生食堂、景观工程）施工招标,http://www.ggzy.gov.cn/information/html/a/520000/0104/202004/28/005216092998727b442c82e4c10cfbb4dda6.shtml,2020-04-28,遵义市公共资源交易中心
JSGC-CY-2020-13-3Z01000000,http://www.ggzy.gov.cn/information/html/a/370000/0105/202004/28/0037cdd4dc8d556c479889b00ec77aae70ce.shtml,2020-04-28,潍坊市公共资源电子交易系统
沁水县土沃乡四村联建旅游休闲区建设项目（一期）EPC总承包招标二次变更公告,http://www.ggzy.gov.cn/information/html/a/140000/0101/202004/28/00147121d4b0898246d9a42db8c997c3d248.shtml,2020-04-28,山西新点招投标交易平台
莘县人民法院诉讼服务中心建设项目,http://www.ggzy.gov.cn/information/html/a/370000/0201/202004/28/003761405ba3f00f4ec1aec2728031def1bc.shtml,2020-04-28,聊城市公共资源电子交易平台
尚义县大青沟镇易地扶贫搬迁区希望路升级工程中标公告,http://www.ggzy.gov.cn/information/html/a/130000/0202/202004/28/00136f56d62db703448c9c4c578a857491a7.shtml,2020-04-28,
四川藏区高速公路联合技术攻关雅康高速YK6、YK7标段科研服务项目招标公告,http://www.ggzy.gov.cn/information/html/a/510000/0101/202004/28/0051d147ec76a49c426ca147966d3ce34f50.shtml,2020-04-28,
JSGC-CY-2020-13-2Z01000000,http://www.ggzy.gov.cn/information/html/a/370000/0105/202004/28/00370b682973caf24e068e35105f265dbf69.shtml,2020-04-28,潍坊市公共资源电子交易系统
航天科工空间工程发展有限公司卫星产业园（一期）建设项目（EPC）总承包施工总承包弱电工程专业分包中标候选人公示,http://www.ggzy.gov.cn/information/html/a/420000/0104/202004/28/004257e61dd5594c4492b06ef4e96fcc8795.shtml,2020-04-28,东风电子招标交易平台
甘肃省疾病预防控制中心物业服务(2年)采购项目,http://www.ggzy.gov.cn/information/html/a/620000/0202/202004/28/0062d2bd0edb0b3749b78a7e5aba9ecef6a7.shtml,2020-04-28,甘肃省公共资源交易电子服务系统v2.0
色达县公安局信息技术与执法办案中心,http://www.ggzy.gov.cn/information/html/a/510000/0101/202004/28/0051f46023bb35d4436fa28116d7a5ae57c6.shtml,2020-04-28,全国公共资源交易平台（四川省·甘孜州）
稻城县金珠镇后山路建设项目,http://www.ggzy.gov.cn/information/html/a/510000/0101/202004/28/0051b4eb470ec3324e3e90e35e5b32e93795.shtml,2020-04-28,全国公共资源交易平台（四川省·甘孜州）
盐边县中医院“十百千”工程,http://www.ggzy.gov.cn/information/html/a/510000/0101/202004/28/0051f41e9d36cd2e47cf98745ed8ac181c75.shtml,2020-04-28,
遂川县妇幼保健计划生育服务中心分体空调及电视机采购项目（第二次）招标文件的补遗公告,http://www.ggzy.gov.cn/information/html/a/360000/0204/202004/28/0036eda211eb707448049d95c168a8173ce6.shtml,2020-04-28,吉安市公共资源交易中心
江西省鼎跃招标咨询有限公司关于江西省江西财经大学2020年端午节福利采购项目(采购编号：JXDY2020-G0010-02包)电子化公开招标公告,http://www.ggzy.gov.cn/information/html/a/360000/0201/202004/28/00361cfea61f22994adc8e176a20f2ef2695.shtml,2020-04-28,南昌市公共资源交易中心
关于天门市黄金污水处理厂三期扩容工程的中标结果公告,http://www.ggzy.gov.cn/information/html/a/420000/0104/202004/28/0042d11d570fda424a55a3441d1d133f2e62.shtml,2020-04-28,天门市公共资源交易网
大余县城2020—2021年党政机关会议定点场所资格,http://www.ggzy.gov.cn/information/html/a/360000/0201/202004/28/003670eb37a10ac74774a03364288a5eff5f.shtml,2020-04-28,赣州市公共资源交易中心
江西诚信伟业招标咨询有限公司关于南昌县城市管理局采购装配式垃圾站设备及车辆项目（招标编号：1493-206104104030）电子化公开招标公告,http://www.ggzy.gov.cn/information/html/a/360000/0201/202004/28/003639dc2bc4c4b24abbb7df688473fa3a75.shtml,2020-04-28,南昌市公共资源交易中心
江西省鼎跃招标咨询有限公司关于江西省江西财经大学2020年端午节福利采购项目(采购编号：JXDY2020-G0010-01包)电子化公开招标公告,http://www.ggzy.gov.cn/information/html/a/360000/0201/202004/28/0036242cb1faf24a4c438cf4cd088b29354e.shtml,2020-04-28,南昌市公共资源交易中心
宿迁市监察委员会运动器械采购项目结果公告,http://www.ggzy.gov.cn/information/html/a/320000/0202/202004/28/003234e903085e064112b066fc8f695cc20d.shtml,2020-04-28,
江西省机电设备招标有限公司关于江西省省级电子政务云平台2019年度扩容项目G包（招标编号：JXTC2020080102）公开招标公告,http://www.ggzy.gov.cn/information/html/a/360000/0201/202004/28/0036882d58becaa049eca3a47e843edfa264.shtml,2020-04-28,南昌市公共资源交易中心
义乌市公安局人体标准化信息采集系统采购项目中标公告,http://www.ggzy.gov.cn/information/html/a/330000/9001/202004/28/00335784fffd54654321b8fd111dd64d8baa.shtml,2020-04-28,金华市公共资源全流程电子交易综合系统
广东省第一救助安置中心受助人员生活区环境整治三期的中标、成交公告,http://www.ggzy.gov.cn/information/html/a/440000/0202/202004/28/00441f765433921f4a2188c71d07a89d1577.shtml,2020-04-28,
蒲江县2019年市管河道水毁修复工程施工补遗及答疑书02号,http://www.ggzy.gov.cn/information/html/a/510000/0101/202004/28/00512bc30e452b4e4bef87ef1612d5d2f20e.shtml,2020-04-28,成都市电子交易云平台
梧州市教育局2020年“市培计划”项目（重）招标公告,http://www.ggzy.gov.cn/information/html/a/450000/0201/202004/28/004548669d30cec04830ae29d40645a206a0.shtml,2020-04-28,梧州市公共资源交易平台
桓台县胜利河右岸堤防道路工程设计招标/澄清文件,http://www.ggzy.gov.cn/information/html/a/370000/0105/202004/28/003777954c4ef3914264868e547b3a930e2d.shtml,2020-04-28,淄博市公共资源交易平台电子交易系统
JSGC-CY-2020-13-1Z01000000,http://www.ggzy.gov.cn/information/html/a/370000/0105/202004/28/0037f4aca0712ba14a5f8f9792d5e8c2a788.shtml,2020-04-28,潍坊市公共资源电子交易系统
广东海洋大学继续教育综合教务管理系统（第二次）中标公告,http://www.ggzy.gov.cn/information/html/a/440000/0202/202004/28/0044b62bb22f569d4a60927e78940cd1d9a6.shtml,2020-04-28,
江西合胜合招标咨询有限公司关于江西省人防0719工程管理中心大屏幕维保（采购编号：HSH2020J017）竞争性谈判采购公告,http://www.ggzy.gov.cn/information/html/a/360000/0201/202004/28/0036fac4b472d96247c98223c823a7d734c0.shtml,2020-04-28,南昌市公共资源交易中心
江西合胜合招标咨询有限公司关于江西省人防0719工程管理中心视讯会议系统维修和保养服务（采购编号：HSH2020J016）竞争性谈判采购公告,http://www.ggzy.gov.cn/information/html/a/360000/0201/202004/28/0036c7b09288c0a74efebc47924525858baf.shtml,2020-04-28,南昌市公共资源交易中心
E3213010313103912001001的招标文件,http://www.ggzy.gov.cn/information/html/a/320000/0105/202004/28/0032f83f1d35cf35475f9dcd62e1db31d109.shtml,2020-04-28,
2020年芦浦镇创建国家卫生镇病媒生物防治项目&nbsp;&nbsp;&nbsp;&nbsp;招标公告,http://www.ggzy.gov.cn/information/html/a/330000/9001/202004/28/003335b10fa1ab984e69aff523aced66250b.shtml,2020-04-28,台州市公共资源交易系统
宿迁市环境应急能力标准化建设采购项目采购公告,http://www.ggzy.gov.cn/information/html/a/320000/0201/202004/28/00329bb3f1ea5aa14a20ab1b0ecf6a81a12b.shtml,2020-04-28,
玉环市玉城街道环东山塘除险加固工程&nbsp;招标公告,http://www.ggzy.gov.cn/information/html/a/330000/9001/202004/28/003330380f998ff8460cbe30a4115ecdfebc.shtml,2020-04-28,台州市公共资源交易系统
玉环市芦浦镇“污水零直排”排查及检测服务项目招标公告,http://www.ggzy.gov.cn/information/html/a/330000/9001/202004/28/003391657ed82f16424a9a9a93ef5a9ac57c.shtml,2020-04-28,台州市公共资源交易系统
武山县人民法院两个一站式诉讼服务中心设备采购项目公开招标公告,http://www.ggzy.gov.cn/information/html/a/620000/0201/202004/28/0062599d8207bcbd4eaebf9e555333d45fc7.shtml,2020-04-28,甘肃省公共资源交易电子服务系统v2.0
北京大兴国际机场临空经济区（廊坊片区）基准地价制订项目竞争性磋商交易公告[变更公告],http://www.ggzy.gov.cn/information/html/a/130000/0204/202004/28/0013c1c15aa1436747a490b965878a0ffdfd.shtml,2020-04-28,
2020年廊坊市宏观调控土地市场、优化配置土地资源项目竞争性磋商交易公告[变更公告],http://www.ggzy.gov.cn/information/html/a/130000/0204/202004/28/0013bea3ba256fcc42d19b4d1e3feeafba68.shtml,2020-04-28,
廊坊市城镇基准地价更新和基准地价信息系统维护项目公开招标交易公告[变更公告],http://www.ggzy.gov.cn/information/html/a/130000/0204/202004/28/001397d968502b984d2cbec170fa3b95a211.shtml,2020-04-28,
主入口大平台及室外台阶改造工程项目招标公告,http://www.ggzy.gov.cn/information/html/a/130000/0201/202004/28/001359a06a53888d4db1936c7d86e6555303.shtml,2020-04-28,
玉环市大麦屿街道高升村仰天湖片道路修建工程&nbsp;施工招标公告,http://www.ggzy.gov.cn/information/html/a/330000/9001/202004/28/0033bc9b9d62f5624e85b8da31f7d6aaa724.shtml,2020-04-28,台州市公共资源交易系统
南山路（金沙江路-镜泊湖路）东侧绿化工程的招标文件,http://www.ggzy.gov.cn/information/html/a/510000/0105/202004/28/0051b9cf3f91d37b4fdc915732d631d21847.shtml,2020-04-28,德阳市公共资源交易服务系统
观湖文化艺术体育场馆（工程咨询）,http://www.ggzy.gov.cn/information/html/a/440000/0104/202004/28/004451ef6c048eb0422a927e5e27c2e62822.shtml,2020-04-28,深圳市电子招投标交易平台
会宁县2020年财政专项扶贫资金自然村组道路硬化、通达、农村公路灾毁维修等19项建设项目正常公示,http://www.ggzy.gov.cn/information/html/a/620000/0104/202004/28/0062ba9ba6ab8323422b91ee8d468bbbc1d2.shtml,2020-04-28,白银市公共资源交易电子招投标系统
潘桥街道社区卫生服务中心迁建工程等八个项目水土保持方案编制项目的招标公告,http://www.ggzy.gov.cn/information/html/a/330000/9001/202004/28/0033ed395866f395487fb4e07efc7f6c74de.shtml,2020-04-28,温州市公共资源交易平台
莱阳市地方公路建设养护中心莱阳市莱高国防公路濯村至玉岱河桥段工程监理采购合同公示,http://www.ggzy.gov.cn/information/html/a/370000/0203/202004/28/003739dae64555ef4c0a9876ce6229c336e2.shtml,2020-04-28,烟台市公共资源交易系统
宁津县自然资源局第三方测绘服务项目合同,http://www.ggzy.gov.cn/information/html/a/370000/0203/202004/28/00379bab1c37bf864b10b4a374be40c63e26.shtml,2020-04-28,德州市公共资源交易系统
天等县城区免费乘坐公交车服务采购公开招标公告,http://www.ggzy.gov.cn/information/html/a/450000/0201/202004/28/0045a080c99147bd433dbc6c7dc3fd50f2fe.shtml,2020-04-28,崇左市电子招投标交易平台
360401201909110101的澄清文件,http://www.ggzy.gov.cn/information/html/a/360000/0105/202004/28/003693ebbb49f21e4d2886f836e2e8c4c35f.shtml,2020-04-28,九江市公共资源交易中心
范白线（高速连接线-108国道）公路提质改造工程,http://www.ggzy.gov.cn/information/html/a/140000/0105/202004/28/00144418ebbaafad4518a02c55d8e93a6945.shtml,2020-04-28,
中国人民武装警察部队某部2020年度车辆定点维修服务单位入围项目延期说明补遗书,http://www.ggzy.gov.cn/information/html/a/530000/0204/202004/28/0053ae50f41e508f47d98fe510a3269f8a5a.shtml,2020-04-28,
中国人民武装警察部队某部2020年度车辆定点维修服务单位入围项目延期说明补遗书,http://www.ggzy.gov.cn/information/html/a/530000/0204/202004/28/00532f0f96454cbf4fbbb926498cf52faf5d.shtml,2020-04-28,
石家庄市第一医院新院区楼体亮化工程成交公告,http://www.ggzy.gov.cn/information/html/a/130000/0202/202004/28/0013807ea1f1098244dfb32ccf1a90fc0a20.shtml,2020-04-28,石家庄公共资源交易网
石家庄市人力资源和社会保障局“五险一金”业务用房维修改造项目监理成交公告,http://www.ggzy.gov.cn/information/html/a/130000/0202/202004/28/00139a95485d122c40cfb5cba0a091ae464c.shtml,2020-04-28,石家庄公共资源交易网
承德市双桥区城市管理综合行政执法局中心广场改造绿化项目竞争性磋商公告,http://www.ggzy.gov.cn/information/html/a/130000/0201/202004/28/0013982bb600667743d881a3824bfe4a40bf.shtml,2020-04-28,
石家庄市行政审批局购买档案整理及数字化加工服务招标公告,http://www.ggzy.gov.cn/information/html/a/130000/0201/202004/28/001302394339ee774f9a8e6a43fb0d371c88.shtml,2020-04-28,石家庄公共资源交易网
聊城市鸿运粮油有限责任公司粮食产后服务中心（货物）二次竞争性磋商公告,http://www.ggzy.gov.cn/information/html/a/370000/0201/202004/28/0037213cb688da8f4019b3b1ea38f6fbbed4.shtml,2020-04-28,聊城市公共资源电子交易平台
220kV容桂站出线容桂北侧110kV接线电缆工程（穗香段）,http://www.ggzy.gov.cn/information/html/a/440000/0101/202004/28/0044ecdb8657887348bd89736ef55b00adfc.shtml,2020-04-28,佛山市顺德区公共资源交易中心
220kV容桂站出线容桂北侧110kV接线电缆工程（穗香段）招标文件,http://www.ggzy.gov.cn/information/html/a/440000/0105/202004/28/004448f9c06510ad4f6a892cce306fbaffee.shtml,2020-04-28,佛山市顺德区公共资源交易中心
(县区)新交GCZB-2020-0229-1的招标文件,http://www.ggzy.gov.cn/information/html/a/410000/0105/202004/28/0041d1617a5d78884acbbf81a83adf0d69ef.shtml,2020-04-28,新乡市公共资源交易中心
(县区)新交GCZB-2020-0229-2的招标文件,http://www.ggzy.gov.cn/information/html/a/410000/0105/202004/28/004146303677bb054f65a10ebea2040cd555.shtml,2020-04-28,新乡市公共资源交易中心
(县区)新交GCZB-2020-0229-3的招标文件,http://www.ggzy.gov.cn/information/html/a/410000/0105/202004/28/0041075cdce4d56d4ec2aed25caca9356db9.shtml,2020-04-28,新乡市公共资源交易中心
泌阳县红河（石门水库至袁庄段）治理工程施工一标段、监理标段、施工二标段,http://www.ggzy.gov.cn/information/html/a/410000/0101/202004/28/00410d7000fa0699438e8a3178d98adde9c4.shtml,2020-04-28,驻马店市公共资源交易中心
PSC-7项目监理（第二次）,http://www.ggzy.gov.cn/information/html/a/510000/0101/202004/28/0051b0341b0ded1a42889fc945774d63d81c.shtml,2020-04-28,
原阳县路寨乡许寨中心小学等七所学校工程项目1标段、2标段、3标段,http://www.ggzy.gov.cn/information/html/a/410000/0101/202004/28/0041337249f3888e4a25a6fec9f99ff66b37.shtml,2020-04-28,新乡市公共资源交易中心
高密市城北水库2020年度维修养护项目成交公告,http://www.ggzy.gov.cn/information/html/a/370000/0202/202004/28/003720b94a39b4c242f6917130333d6ffed6.shtml,2020-04-28,潍坊市公共资源电子交易系统
菏泽市牡丹区市气象局空气监测站点搬迁建设工程,http://www.ggzy.gov.cn/information/html/a/370000/0101/202004/28/0037b7794474bb104cdcb1b62270ac06a9ed.shtml,2020-04-28,新点（菏泽）电子交易平台
淮安市文庙三期安置小区施工监理项目（二次）招标\澄清文件,http://www.ggzy.gov.cn/information/html/a/320000/0105/202004/28/00328dd36843bb9f456da4a21d6c6e33b75e.shtml,2020-04-28,淮安市建设工程网上招投标系统
元氏县2020年度地下水超采综合治理农村生活水源置换项目施工,http://www.ggzy.gov.cn/information/html/a/130000/0102/202004/28/0013e5cd2976b4604cd186b6a87bd55e8216.shtml,2020-04-28,
2020年市区行人过街天桥施工工程,http://www.ggzy.gov.cn/information/html/a/370000/0104/202004/28/00377b61601c6cfa4c0a86b5e5fa2fc7e53a.shtml,2020-04-28,烟台市公共资源交易系统
南通市通州区平潮镇长江森林生态屏障绿化工程施工一标段招标文件,http://www.ggzy.gov.cn/information/html/a/320000/0105/202004/28/0032fc3c4a72286a41909f086fecc897e81e.shtml,2020-04-28,南通市电子交易平台
大华船厂改造工程,http://www.ggzy.gov.cn/information/html/a/320000/0101/202004/28/003252eff204bdc440db93d2b011956e2d60.shtml,2020-04-28,苏州市公共资源交易平台
南通市通州区平潮镇长江森林生态屏障绿化工程资格后审公告,http://www.ggzy.gov.cn/information/html/a/320000/0101/202004/28/00324acb0fd4c0864559945540a8e4600a68.shtml,2020-04-28,南通市电子交易平台
恩施州普通公路“建养一体化”利川市01项目包施工监理招标文件,http://www.ggzy.gov.cn/information/html/a/420000/0105/202004/28/00426cac036317d1484598336122019852f7.shtml,2020-04-28,恩施州电子交易平台
南通市通州区平潮镇长江森林生态屏障绿化工程施工二标段招标文件,http://www.ggzy.gov.cn/information/html/a/320000/0105/202004/28/0032935bcda0f7b04bd0948e31a5c4691467.shtml,2020-04-28,南通市电子交易平台
南通市通州区平潮镇长江森林生态屏障绿化工程资格后审公告,http://www.ggzy.gov.cn/information/html/a/320000/0101/202004/28/00323ef81dde593842afb6921b9c68179d33.shtml,2020-04-28,南通市电子交易平台
大沥镇白沙社区老旧供水管网改造工程（不含水表组、井盖）中标结果公告,http://www.ggzy.gov.cn/information/html/a/440000/0104/202004/28/004405081187a4074dbfb5c4ee85c5322eee.shtml,2020-04-28,佛山市公共资源交易一体化服务平台
平泉市卫生监督所业务用车采购项目（三次）&nbsp;&nbsp;&nbsp;&nbsp;变更公告,http://www.ggzy.gov.cn/information/html/a/130000/0204/202004/28/0013eb9aaaecc2f74b75bbf561a2b63c58e8.shtml,2020-04-28,
监理开标记录,http://www.ggzy.gov.cn/information/html/a/320000/0102/202004/28/0032ed7f29aa428f491cad0eca096d2bace9.shtml,2020-04-28,南京市国有产权交易系统
景观绿化提升及综合整治工程开标记录,http://www.ggzy.gov.cn/information/html/a/320000/0102/202004/28/00327ff76a759d56497db80910f68c87ddb3.shtml,2020-04-28,南京市国有产权交易系统
吴地(G)[2020]-11号,http://www.ggzy.gov.cn/information/html/a/640000/0302/202004/28/006435b3236fc9cd4f5bb2b49e8f7f0bf84e.shtml,2020-04-28,宁夏公共资源交易服务平台
防城区江山镇新基村石角组农村环境综合项目工程（FCZC2020-C2-30012-ZJGJ）成交结果公告,http://www.ggzy.gov.cn/information/html/a/450000/0202/202004/28/0045431274c038e2406f8b9237a6bd0ea396.shtml,2020-04-28,防城港市电子招标投标系统
四川省青神中等职业学校基础能力提升工程&nbsp;项目招标公告,http://www.ggzy.gov.cn/information/html/a/510000/0101/202004/28/005184a39b58e9004cfa9105f8d413b69446.shtml,2020-04-28,全国公共资源交易平台（四川省?眉山市）
龙网竞【2020】029空调机网上竞价采购公告,http://www.ggzy.gov.cn/information/html/a/510000/0201/202004/28/0051d06a196c7c114aa8a1cd0dbd8f5d02b1.shtml,2020-04-28,
E3213010313103928001001的招标文件,http://www.ggzy.gov.cn/information/html/a/320000/0105/202004/28/0032cba2f1b9b5094e4da9b324b70d2cf6c8.shtml,2020-04-28,
龙网竞【2020】028现代办公设备网上竞价采购公告,http://www.ggzy.gov.cn/information/html/a/510000/0201/202004/28/005113c99adda927418db03fd00a9e51c71a.shtml,2020-04-28,
鞍山市千秋墓园有限公司墓碑采购项目,http://www.ggzy.gov.cn/information/html/a/210000/0201/202004/28/002162935d0188724a08a44893adde310d28.shtml,2020-04-28,鞍山市公共资源交易平台
编制《吉林省种植业与养殖业循环发展规划（2020-2025年）》中标公示,http://www.ggzy.gov.cn/information/html/a/220000/0202/202004/28/0022b08aa68452794aaf87d0c801ea40170e.shtml,2020-04-28,吉林省公共资源交易信息网
平遥县宁固镇2020年革命老区项目（镇域内排退水通畅工程）招标控制价,http://www.ggzy.gov.cn/information/html/a/140000/0101/202004/28/00149c72a12683fb42ae830bf49260c552b7.shtml,2020-04-28,
务川自治县农用地分类管理项目技术服务采购公告,http://www.ggzy.gov.cn/information/html/a/520000/0201/202004/28/0052db47009a3cc24605a94b2647eb993e74.shtml,2020-04-28,遵义市公共资源交易中心
重庆医科大学袁家岗校区科技楼1、2号楼及附属设施新建工程设计招标中标候选人公示,http://www.ggzy.gov.cn/information/html/a/500000/0104/202004/28/005044a0210b89684ea09cc232d31cf8e9dd.shtml,2020-04-28,
(浦口分中心)南京文茂种植专业合作社园区基础建设项目景观绿化提升及综合整治工程,http://www.ggzy.gov.cn/information/html/a/320000/0104/202004/28/0032bf3b292eb2a14fbca188df0fbd7b6264.shtml,2020-04-28,南京市国有产权交易系统
西河阙家社区综合体项目10/0.4KV配电工程施工/标段答疑文件（01号）,http://www.ggzy.gov.cn/information/html/a/510000/0101/202004/28/00516b997f01f6724efdad0631a76a100bb0.shtml,2020-04-28,成都市电子交易云平台
YXTP2020003玉溪市退役军人事务局视频接访信息系统建设LED、音响设备采购项目竞争性谈判公告,http://www.ggzy.gov.cn/information/html/a/530000/0201/202004/28/005362ff39814bb24e1a9d0155c8ab73a507.shtml,2020-04-28,玉溪市公共资源交易中心
会宁县中川镇初级中学教师周转宿舍楼及室外附属工程招标公告,http://www.ggzy.gov.cn/information/html/a/620000/0101/202004/28/006213208c0fa44b4b5b81a9d79d18b37fc6.shtml,2020-04-28,白银市公共资源交易电子招投标系统
BSZC2020-J2-210056-SYGS000关于田阳县兴达水库进库道路硬化提升改造建设项目的合同,http://www.ggzy.gov.cn/information/html/a/330000/0203/202004/28/0033c5b1d137985049ce8f5f1522dad54777.shtml,2020-04-28,浙江政府采购云平台
JXZX（S）-2020-D010000000000关于嘉善县自然资源和规划局不动产业务和信息化建设购买公证服务的合同,http://www.ggzy.gov.cn/information/html/a/330000/0203/202004/28/003325f9700fb8004d8fabcf0897b3b1525a.shtml,2020-04-28,嘉兴市公共资源交易中心
GXZC2020-C3-000486-KLZB000关于《广西壮族山歌》资源建设服务采购的合同,http://www.ggzy.gov.cn/information/html/a/330000/0203/202004/28/0033a322271a767c4f9091359195fb2943dc.shtml,2020-04-28,浙江政府采购云平台
义乌副食品市场冷却塔维修项目,http://www.ggzy.gov.cn/information/html/a/330000/9001/202004/28/00330cb327305b0440cabaf5b0e0efa7bfbf.shtml,2020-04-28,金华市公共资源全流程电子交易综合系统
2020年沙门镇巩固国家卫生城镇病媒生物防治项目（重新）&nbsp;招标公告,http://www.ggzy.gov.cn/information/html/a/330000/9001/202004/28/00338ade512494b34c2ab346cc850af1edb6.shtml,2020-04-28,台州市公共资源交易系统
珲春市2020年政策性农业保险经办机构中标公示,http://www.ggzy.gov.cn/information/html/a/220000/0202/202004/28/00224be9af3b9ee94fde946e21a48bbed6e5.shtml,2020-04-28,延边朝鲜族自治州政府采购中心(新)
嘉祥城建春晓南苑、嘉宁小区太阳能采购及安装项目,http://www.ggzy.gov.cn/information/html/a/370000/0105/202004/28/00375f6273db26f04227b2189ad4bb4c4280.shtml,2020-04-28,济宁市公共资源交易服务平台
恩施市七里坪产业园一期--室内配电房设备采购及安装项目,http://www.ggzy.gov.cn/information/html/a/420000/0101/202004/28/00420a2ee9e42ff540c982640548d72f9699.shtml,2020-04-28,恩施州电子交易平台
Z13112120003223012020年肃临路（新屯镇段）绿化改造提升工程结果公告,http://www.ggzy.gov.cn/information/html/a/130000/0202/202004/28/0013b47f4a78536a45ddb53a9b6879d95bed.shtml,2020-04-28,
资阳市市级机关集中办公区第二食堂家具采购,http://www.ggzy.gov.cn/information/html/a/510000/9002/202004/28/0051ad6eba1e1fa849938eb50a50242b1d8c.shtml,2020-04-28,资阳市公共资源电子交易系统
漩门湾湿地公园、观光园机械租赁&nbsp;&nbsp;招标公告,http://www.ggzy.gov.cn/information/html/a/330000/9001/202004/28/00336a877dd0f45f40be80d985b3ed68cca8.shtml,2020-04-28,台州市公共资源交易系统
声屏障施工-开标记录,http://www.ggzy.gov.cn/information/html/a/320000/0102/202004/28/0032dc13d6b8151e453c8db1765e8d1c1cb2.shtml,2020-04-28,南通市电子交易平台
荆门市自然资源和规划局东宝分局松材线虫病疫木清理（,http://www.ggzy.gov.cn/information/html/a/420000/0202/202004/28/00427965304a8f4f49868ec21f2dadb4234a.shtml,2020-04-28,湖北省政府采购网
枝江市总工会2020年度资金定存采购项目&nbsp;招标公告,http://www.ggzy.gov.cn/information/html/a/420000/0201/202004/28/0042373494a987254ddd812b83d79b3e9b80.shtml,2020-04-28,湖北省政府采购网
保康县人民医院心电网络设备采购项目延期公告三次,http://www.ggzy.gov.cn/information/html/a/420000/0204/202004/28/00420a43c2b07a6e44a99e59439259cccb9b.shtml,2020-04-28,湖北省政府采购网
保康县人民医院手术床采购项目延期公告,http://www.ggzy.gov.cn/information/html/a/420000/0204/202004/28/0042ea746c76c0ed47e69763f6c595276a42.shtml,2020-04-28,湖北省政府采购网
2020年度湖北省江汉油田公安局团体人身意外伤害保,http://www.ggzy.gov.cn/information/html/a/420000/0202/202004/28/00428080728080224fedb36df429bd403269.shtml,2020-04-28,湖北省政府采购网
湖北省汉江河道管理局潜江汉江管理分局水利工程运行维,http://www.ggzy.gov.cn/information/html/a/420000/0202/202004/28/004208676e4471254a2ebbc7a509d3d7c515.shtml,2020-04-28,湖北省政府采购网
孝昌县花园镇初级中学改扩建运动场成交结果公示,http://www.ggzy.gov.cn/information/html/a/420000/0202/202004/28/0042640a399585df4272b22289e6d2da45dc.shtml,2020-04-28,湖北省政府采购网
襄阳市高新区预算单位财务会计核算服务平台建设项目中,http://www.ggzy.gov.cn/information/html/a/420000/0202/202004/28/0042d52a2b531b9a4666902385ed62dc559f.shtml,2020-04-28,湖北省政府采购网
钟祥市蔬菜作物病虫防控项目成交结果公告,http://www.ggzy.gov.cn/information/html/a/420000/0202/202004/28/0042b3560dd1b9e944deabf4b556d821b79a.shtml,2020-04-28,湖北省政府采购网
德政园香谢里绿化带改造项目更正公告,http://www.ggzy.gov.cn/information/html/a/420000/0204/202004/28/00423a52d92e857e4c6284ca6eecf9d5893d.shtml,2020-04-28,湖北省政府采购网
湖北省省级政府采购项目招标公告（2020-2021,http://www.ggzy.gov.cn/information/html/a/420000/0201/202004/28/004226437cdb66db465181657138278e6cc2.shtml,2020-04-28,湖北省政府采购网
阳日镇南河流域治理武山湖磅站搬迁改造工程成交结果公,http://www.ggzy.gov.cn/information/html/a/420000/0202/202004/28/00427db0179fcef54e99947693ba2b51313f.shtml,2020-04-28,湖北省政府采购网
高采竞﹝2020﹞2号四川高县经济开发区管理委员会办公设备采购项目公告,http://www.ggzy.gov.cn/information/html/a/510000/0201/202004/28/0051e0d2516de789479f95de9c950c5d29d6.shtml,2020-04-28,
亚洲开发银行贷款农业综合开发长江绿色生态廊道项目采,http://www.ggzy.gov.cn/information/html/a/420000/0204/202004/28/0042cbfdebcadb94457183248be36e38cf35.shtml,2020-04-28,湖北省政府采购网
[终止公告]亚洲开发银行贷款农业综合开发长江绿色生态廊道项目社,http://www.ggzy.gov.cn/information/html/a/420000/0204/202004/28/0042b7660c251d494e609623d7023719610e.shtml,2020-04-28,湖北省政府采购网
宣咸高速公路红线内电力迁改工程勘察设计采购项目评标,http://www.ggzy.gov.cn/information/html/a/420000/0202/202004/28/0042a8a39d97824244218e8601d8c95caac2.shtml,2020-04-28,湖北省政府采购网
亚洲开发银行贷款农业综合开发长江绿色生态廊道项目设,http://www.ggzy.gov.cn/information/html/a/420000/0204/202004/28/0042330cb6f8ab754c97a99e9350bc25724d.shtml,2020-04-28,湖北省政府采购网
湖北民族大学附属民大医院检验中心改造项目（含检验科,http://www.ggzy.gov.cn/information/html/a/420000/0201/202004/28/0042eff26e81b14343d49a65640546740bb8.shtml,2020-04-28,湖北省政府采购网
丹江口市地质灾害监测服务及设备,http://www.ggzy.gov.cn/information/html/a/420000/0202/202004/28/0042411fa8fe709742b9b2af9e3be222ee05.shtml,2020-04-28,湖北省政府采购网
省道229下古村公路驿站工程中标公示,http://www.ggzy.gov.cn/information/html/a/370000/0202/202004/28/0037cc74bdd272be46fbb66e70158391763d.shtml,2020-04-28,临沂市公共资源电子交易系统
区人大、政协机关办公大楼维修项目（第2次）,http://www.ggzy.gov.cn/information/html/a/420000/0202/202004/28/00425ca9ad189a1343e1bfd869d4e41a0228.shtml,2020-04-28,湖北省政府采购网
随县人民法院物业管理服务项目中标公告,http://www.ggzy.gov.cn/information/html/a/420000/0202/202004/28/0042fa71fb7a7b6c4399b194f47940f2abd9.shtml,2020-04-28,湖北省政府采购网
老年大学信息化改造采购设备项目成交结果公告,http://www.ggzy.gov.cn/information/html/a/420000/0202/202004/28/004285ee7646c36e4fbb81362da36966f617.shtml,2020-04-28,湖北省政府采购网
云梦县隔蒲潭镇刘塘村党员群众服务中心新建项目澄清公,http://www.ggzy.gov.cn/information/html/a/420000/0204/202004/28/0042f65bd45dee444b8a84659eafb8b719bb.shtml,2020-04-28,湖北省政府采购网
保康县城关镇实验小学与中医院不稳定斜坡治理工程勘察,http://www.ggzy.gov.cn/information/html/a/420000/0202/202004/28/0042c29ccb86be3f4d3c935cff043c2aea28.shtml,2020-04-28,湖北省政府采购网
“爱满万家”建档立卡重度残疾人家庭无障碍改造第三方,http://www.ggzy.gov.cn/information/html/a/420000/0202/202004/28/0042cee52b933944497795042c563a054f2d.shtml,2020-04-28,湖北省政府采购网
汉川市麻河镇2020年度中省扶贫建设工程项目（胡郑,http://www.ggzy.gov.cn/information/html/a/420000/0201/202004/28/00427ce3c949d2e140188bf1efd29e6b655f.shtml,2020-04-28,湖北省政府采购网
张家口市崇礼区恒泰文苑北区项目,http://www.ggzy.gov.cn/information/html/a/130000/0105/202004/28/00134be1a97ecad34913a0e249175f1ad425.shtml,2020-04-28,
[终止公告]神农架林区木鱼林场办公设备采购项目终止公告(二次),http://www.ggzy.gov.cn/information/html/a/420000/0204/202004/28/0042b06b8b23f39c4cb59407c9badab2a7a2.shtml,2020-04-28,湖北省政府采购网
区妇幼骨密度仪采购,http://www.ggzy.gov.cn/information/html/a/420000/0202/202004/28/0042090d8f81abd44e19a8533f3fb0e4b9f5.shtml,2020-04-28,湖北省政府采购网
彭阳县孟塬椿树岔至城阳杨坪公路建设项目施工监理及中心试验室招标变更公告(三次),http://www.ggzy.gov.cn/information/html/a/640000/0101/202004/28/0064f738ebcd3b0e40b9ac41511d651b8608.shtml,2020-04-28,宁夏公共资源交易服务平台
嘉祥城建春晓南苑、嘉宁小区太阳能采购及安装项目招标公告,http://www.ggzy.gov.cn/information/html/a/370000/0101/202004/28/00378270d095311a4e16825580b0cbc6c744.shtml,2020-04-28,济宁市公共资源交易服务平台
清镇市综合行政执法局采购非洲猪瘟餐厨垃圾卡点值守人员服务项目（二次招标）,http://www.ggzy.gov.cn/information/html/a/520000/0201/202004/28/005229c319be6e4340d7b889a50776a7fbd0.shtml,2020-04-28,贵阳市公共资源交易中心
道真仡佬族苗族自治县第三初级中学建设项目澄清文件,http://www.ggzy.gov.cn/information/html/a/520000/0105/202004/28/0052cb950427833c4d81b86405de276943c7.shtml,2020-04-28,遵义市公共资源交易中心
广德市自然资源和规划局电子政务建设项目,http://www.ggzy.gov.cn/information/html/a/340000/0203/202004/28/0034014898e90a1846edb852d98b1ec7da65.shtml,2020-04-28,宣城市公共资源交易平台电子交易系统
六安市儿童医院室内装饰医疗护墙板采购第1包,http://www.ggzy.gov.cn/information/html/a/340000/0203/202004/28/0034a704ecba6462440bb1059c515cbf17f6.shtml,2020-04-28,六安市公共资源交易平台电子交易系统
六安市儿童医院室内装饰医疗护墙板采购第2包,http://www.ggzy.gov.cn/information/html/a/340000/0203/202004/28/00347b2ff75a5f164a1da823a86b7a01e846.shtml,2020-04-28,六安市公共资源交易平台电子交易系统
萧县师范学校教学质量提升采购项目（三包）,http://www.ggzy.gov.cn/information/html/a/340000/0203/202004/28/003489445a6cd2514c7cb837194725646cfc.shtml,2020-04-28,
眉山市中医医院眉山市中医医院PACS系统数据中心升级采购公告,http://www.ggzy.gov.cn/information/html/a/510000/0201/202004/28/005101df416dc3af4e7aaa91317ea8aea309.shtml,2020-04-28,全国公共资源交易平台（四川省?眉山市）
盖州市碧流河（宋堡桥—蒋屯桥段）河道治理工程监理项目采购公告,http://www.ggzy.gov.cn/information/html/a/210000/0201/202004/28/002188a3fa6abc9647d98955ecf3ef485425.shtml,2020-04-28,营口市公共资源交易平台
盖州市碧流河（东风村—半拉庙段）河道治理工程监理项目采购公告,http://www.ggzy.gov.cn/information/html/a/210000/0201/202004/28/00214d6baee679864aeb9ff7999a6b53c055.shtml,2020-04-28,营口市公共资源交易平台
广德市文化和旅游局乡镇文化信息共享显示安装工程结果公示,http://www.ggzy.gov.cn/information/html/a/340000/9002/202004/28/0034f6ad3d219eb7430c8696c71277540076.shtml,2020-04-28,宣城市公共资源交易平台电子交易系统
卫健中心灭杀蚊虫药及鼠药采购项目项目中标结果公告,http://www.ggzy.gov.cn/information/html/a/210000/0202/202004/28/0021ecd3b5d4cff84100880e89aaf79fe7b8.shtml,2020-04-28,营口市公共资源交易平台
六安市人民路小学东校区设备采购项目,http://www.ggzy.gov.cn/information/html/a/340000/0201/202004/28/0034fafe0cc566d242e094ba2f110344385c.shtml,2020-04-28,六安市公共资源交易平台电子交易系统
泗县班班通设备采购项目SXCG2020176A,http://www.ggzy.gov.cn/information/html/a/340000/0201/202004/28/0034e53fbffdcd2249bdb5e27c6423a17667.shtml,2020-04-28,
六安市人民路小学东校区设备采购项目,http://www.ggzy.gov.cn/information/html/a/340000/0201/202004/28/00348af582496ebb498782f0ef124783e61a.shtml,2020-04-28,六安市公共资源交易平台电子交易系统
【招标公告】能力建设仪器(水质监测类)一标包招标公告,http://www.ggzy.gov.cn/information/html/a/340000/0201/202004/28/00346ddc1bb0e88b45b7996cc4a8aa3655ba.shtml,2020-04-28,滁州市公共资源交易平台电子交易系统
涡阳县丹城镇红旗、徐楼和丹城居委会高标准农田建设项目道路及配套工程（标段编号：2019GYGN0203）招标公告,http://www.ggzy.gov.cn/information/html/a/340000/0201/202004/28/003429ea0a37ec044bcb9e44a91ad67d2a71.shtml,2020-04-28,亳州市公共资源交易平台电子交易系统
六安市人民路小学东校区设备采购项目,http://www.ggzy.gov.cn/information/html/a/340000/0201/202004/28/003427a38d14d1d04a7b9bd25a7b3f5305ca.shtml,2020-04-28,六安市公共资源交易平台电子交易系统
路灯维修电缆供货合同,http://www.ggzy.gov.cn/information/html/a/320000/0203/202004/28/003239431092d91e4fb6bb44b71c179f0203.shtml,2020-04-28,南通市电子交易平台
加强建设Y数据库建设项目中标公告,http://www.ggzy.gov.cn/information/html/a/370000/0202/202004/28/0037a1497632af9542cdab6a8a3d6eec2db8.shtml,2020-04-28,德州市公共资源交易系统
金寨县人民医院（新区）园林景观设计项目中标结果公告,http://www.ggzy.gov.cn/information/html/a/340000/0104/202004/28/0034e3d9e9883ff447dd8095e0c58145b8d2.shtml,2020-04-28,六安市公共资源交易平台电子交易系统
荣昌区2020年矿产资源采矿权实地核查及月度巡查工作(20C00232)采购公告,http://www.ggzy.gov.cn/information/html/a/500000/0201/202004/28/00504e882bd6b71c42e380d3e904ea2eb0ff.shtml,2020-04-28,重庆市公共资源交易服务平台
南雄市森林城市创建项目（城区至珠玑景区）工程中标结果公告,http://www.ggzy.gov.cn/information/html/a/440000/0104/202004/28/0044913d7b84957047a498bf9f68f42d3be6.shtml,2020-04-28,韶关市公共资源交易服务平台
南通市照明管理处路灯主材（西站大道和西站枢纽）项目(包一）、（包二）,http://www.ggzy.gov.cn/information/html/a/320000/0201/202004/28/00328d4724e90aab466189acc00a7fd26f5c.shtml,2020-04-28,南通市电子交易平台
四川省仪陇中学校新政分校智能化设施设备采购项目公开招标采购公告更正公告,http://www.ggzy.gov.cn/information/html/a/510000/0204/202004/28/0051cb6bd6d9c07346369f7e7794a53ee5b7.shtml,2020-04-28,
南雄市梅岭古驿道周边区域生态保护修复工程（顺发、泰源、农工商、蕉坑等四个石场矿山地质环境恢复治理）勘查设计、施工总承包中标结果公告,http://www.ggzy.gov.cn/information/html/a/440000/0104/202004/28/00445d567cd28c6c4086b9bed6d0638af227.shtml,2020-04-28,韶关市公共资源交易服务平台
H4200004366000591001的澄清文件,http://www.ggzy.gov.cn/information/html/a/150000/0105/202004/28/00158f070f8c18be4f91a19c89eaf612e26c.shtml,2020-04-28,通辽市公共资源电子交易系统
宿迁市宿豫区玉泉山路小学普通教室空调采购及安装项目采购公告,http://www.ggzy.gov.cn/information/html/a/320000/0201/202004/28/0032a1891e3c09d047ff93002f7e0b2c5076.shtml,2020-04-28,
普通高中信息化攻坚采购项目竞争性谈判公告,http://www.ggzy.gov.cn/information/html/a/360000/0201/202004/28/00365d944ddaabdd4a71aa68cf59b0c43f24.shtml,2020-04-28,抚州市公共资源交易中心
南雄市红砂岭综合治理工程（水土保持工程项目）设计、施工总承包中标结果公告,http://www.ggzy.gov.cn/information/html/a/440000/0104/202004/28/00446254cf9ccc4749e1abff11e25512703e.shtml,2020-04-28,韶关市公共资源交易服务平台
江西省百巨招标咨询有限公司关于江西省“赣政通”移动办公平台建设项目等监理项目（采购编号：JXBJ20121302803）竞争性谈判采购公告,http://www.ggzy.gov.cn/information/html/a/360000/0201/202004/28/0036dd2a864c3eb646e3aeb3c40a5c4eb8e2.shtml,2020-04-28,南昌市公共资源交易中心
南雄市红砂岭综合治理工程（土地综合整治项目）勘测设计、施工总承包中标结果公告,http://www.ggzy.gov.cn/information/html/a/440000/0104/202004/28/0044f372f002e7c546e0bf897ac02f819b65.shtml,2020-04-28,韶关市公共资源交易服务平台
青岛市城阳区上马街道办事处城阳区上马街道郭家庄、辛屯、葛家屯、海东、邱家村庄规划采购项目中标公告,http://www.ggzy.gov.cn/information/html/a/370000/0202/202004/28/0037881edbc2f0ae44cfad918ec5f4ce44ff.shtml,2020-04-28,青岛市公共资源交易 电子交易系统
2020年凤凰河公园东区污水改造工程中标公示,http://www.ggzy.gov.cn/information/html/a/370000/0202/202004/28/00372f2c75050c344d6b8a0e6778ed6ad3d4.shtml,2020-04-28,泰安市公共资源电子交易平台
上饶市信州区信息产业园整体提升项目全过程审计、一审服务,http://www.ggzy.gov.cn/information/html/a/360000/0101/202004/28/0036dc9d1201c57e46acaac8465b91770a14.shtml,2020-04-28,上饶市公共资源交易中心
赣建洪新建招字[2020]第&nbsp;003&nbsp;号的澄清文件,http://www.ggzy.gov.cn/information/html/a/360000/0105/202004/28/003639e0330e5e2b46069612150addf83dad.shtml,2020-04-28,南昌市公共资源交易中心
恩施州中心医院公共卫生临床中心施工图设计项目招标文件,http://www.ggzy.gov.cn/information/html/a/420000/0105/202004/28/00427fbbeac00e784c7dbf546c8bab299c5c.shtml,2020-04-28,恩施州电子交易平台
重庆白俄罗斯风情小镇项目监理延期通知,http://www.ggzy.gov.cn/information/html/a/500000/0105/202004/28/00508fb06e5dfe694445b285b91106f41309.shtml,2020-04-28,重庆市渝北区公共资源交易网
望谟县郊纳镇村庄环境整治项目路灯二次,http://www.ggzy.gov.cn/information/html/a/520000/0201/202004/28/00522d68185669da4e6bbac62780b3493a2f.shtml,2020-04-28,黔西南州公共资源交易中心
惠州市国有梁化林场2019年森林生态综合示范园建设项目招标公告,http://www.ggzy.gov.cn/information/html/a/440000/0105/202004/28/004491ca621d84874e1793d7e011dc70fb0d.shtml,2020-04-28,惠州市公共资源交易中心
辛集市住房和城乡建设局2020年街路绿化补植提升—绿化增彩提升工程项目竞争性磋商公告,http://www.ggzy.gov.cn/information/html/a/130000/0201/202004/28/0013cfa6f4824209491d850029ec59a9d18a.shtml,2020-04-28,辛集市公共资源电子交易平台
入省煤质检查站抽检设备采购(二次)更正公告,http://www.ggzy.gov.cn/information/html/a/130000/0204/202004/28/0013b101c2e261724c47a91e0efdcff36eb7.shtml,2020-04-28,
吉林省卫生健康委员会（本级）2020年度国家基本药物临床合理使用网络培训国家基本药物临床合理使用网络培训,http://www.ggzy.gov.cn/information/html/a/220000/0201/202004/28/002227c6a5ebbd064b73820d41d958bfadcb.shtml,2020-04-28,吉林省公共资源交易信息网
2020年草花采购、栽植结果公示,http://www.ggzy.gov.cn/information/html/a/360000/0202/202004/28/003693599e73721844d7aaccb135dfee48c6.shtml,2020-04-28,吉安市公共资源交易中心
同煤大唐塔山煤矿有限公司塔山矿环评项目招标二次变更公告,http://www.ggzy.gov.cn/information/html/a/140000/0101/202004/28/001418b09ef80d7e447abf260b2b7c75ae99.shtml,2020-04-28,
高安市政府采购中心关于江西省高安市信息中心高安市新办公大楼新增两套视频会议系统采购项目第二次（项目编号：高安中心-GA2020-014A）竞争性谈判采购成交结果公告,http://www.ggzy.gov.cn/information/html/a/360000/0202/202004/28/0036e265eaa5af8e453fbeea6e805e6c74a7.shtml,2020-04-28,宜春市公共资源交易中心
湖北民族大学校区道路建设以及教学场地和学生宿舍维修改造项目博爱片区3-4栋学生宿舍改造标段招标文件,http://www.ggzy.gov.cn/information/html/a/420000/0105/202004/28/0042dd2962e56c3d4676bfc71953bdd01faf.shtml,2020-04-28,恩施州电子交易平台
文县教育局2020年农村边远地区中小学温暖工程专项资金取暖设备采购项目文县教育局2020年农村边远地区中小学温暖工程专项资金取暖设备采购项目,http://www.ggzy.gov.cn/information/html/a/620000/0203/202004/28/006216098be8d6114b7399b8a548a3535c61.shtml,2020-04-28,陇南市公共资源交易电子交易系统
雅安市名山区红军百丈关战役纪念馆布展提升工程项目&nbsp;&nbsp;雅安市名山区红军百丈关战役纪念馆布展提升工程项目监理中标结果公告,http://www.ggzy.gov.cn/information/html/a/510000/0104/202004/28/005121c7082aa27f48dca60090e5dcea5cbf.shtml,2020-04-28,
政府采购合同,http://www.ggzy.gov.cn/information/html/a/140000/0203/202004/28/00140d0d04f060924480a755def28be4fd1b.shtml,2020-04-28,山西省公共资源交易平台
重庆东站片区周边地块控规修改研究(20C00008)采购更正公告,http://www.ggzy.gov.cn/information/html/a/500000/0204/202004/28/00509df5254464ad43aabf0fa3d5e6ddcbcb.shtml,2020-04-28,重庆市公共资源交易服务平台
开封市监狱改扩建项目电梯设备采购安装-变更公告-第,http://www.ggzy.gov.cn/information/html/a/410000/0204/202004/28/00415e846a141fe74556943d849ddee5d931.shtml,2020-04-28,开封市公共资源交易中心
2020年度杞县邢口镇厂房建设项目-变更公告-第2,http://www.ggzy.gov.cn/information/html/a/410000/0204/202004/28/00411cfb2a55ebd6437da13d457cfd85f481.shtml,2020-04-28,开封市公共资源交易中心
江西华灏工程造价咨询有限公司关于抚州一中实验学校学生课桌凳、教师办公桌椅、教师公寓家具采购项目（项目编号：JXHH-F-2020-G017）公开招标公告,http://www.ggzy.gov.cn/information/html/a/360000/0201/202004/28/0036879cb8ac04c245deabb2cb5e3c94eded.shtml,2020-04-28,抚州市公共资源交易中心
如皋市公安局执法办案中心家具采购,http://www.ggzy.gov.cn/information/html/a/320000/0201/202004/28/00325213bc25f15d4088a660edadd50d97ea.shtml,2020-04-28,南通市电子交易平台
吉林铁道职业技术学院2020年通勤车租赁,http://www.ggzy.gov.cn/information/html/a/220000/0201/202004/28/0022c59aa4ec91644a7b9c2f9f15d53a8ae8.shtml,2020-04-28,吉林省公共资源交易信息网
省国资委办公楼外墙钢结构电梯改造项目（变更公告）,http://www.ggzy.gov.cn/information/html/a/220000/0204/202004/28/0022244955d267bf4e4886a0fab3710d6d96.shtml,2020-04-28,吉林省公共资源交易信息网
涪江（射洪段）流域水污染综合治理项目（天仙镇污水管网工程）补遗书01,http://www.ggzy.gov.cn/information/html/a/510000/0105/202004/28/00512e6dcff7cb3a4f13b5befed5829dade3.shtml,2020-04-28,
忻州长峰燃气有限公司2020年度城市燃气工程施工所需材料设备采购二次招标延期公告,http://www.ggzy.gov.cn/information/html/a/140000/0101/202004/28/001466c9f230bf9c4cb7946c4dceb9034774.shtml,2020-04-28,东风电子招标交易平台
重庆城市管理职业学院校区扩建工程多功能体育馆、综合实训楼等工程造价全过程跟踪审计（含结算）(20C0104)采购公告,http://www.ggzy.gov.cn/information/html/a/500000/0201/202004/28/00503e6561a2da914b319fb572579c057682.shtml,2020-04-28,重庆市公共资源交易服务平台
芙蓉山片区道路改造提升工程和配套项目施工监理招标控制价补充公告,http://www.ggzy.gov.cn/information/html/a/440000/0105/202004/28/0044dd15ab8abb3a45afa43cf6ca7c6084d8.shtml,2020-04-28,韶关市公共资源交易服务平台
山煤集团左权宏远煤业有限公司水射流式煤层造穴泄压装置采购项目招标文件,http://www.ggzy.gov.cn/information/html/a/140000/0105/202004/23/0014405e8215f6ba470d95c507b8d702162f.shtml,2020-04-28,旺采网山西交易平台
Z1309892000222001沧州市公安局渤海新区分局智能版单警执法视音频记录仪设备结果公告,http://www.ggzy.gov.cn/information/html/a/130000/0202/202004/28/001375c2c242ad9444d9bea12882591c95dc.shtml,2020-04-28,
重庆市涪陵食品药品检验所实验室系统工程设备采购(19A2326)采购公告,http://www.ggzy.gov.cn/information/html/a/500000/0201/202004/28/0050327a24a0f5504769b0918138f0ce92ee.shtml,2020-04-28,重庆市公共资源交易服务平台
吉林省自然资源统一确权登记经费货物采购项目中标公示,http://www.ggzy.gov.cn/information/html/a/220000/0202/202004/28/002236dfae7b00eb46718a78279beffe2851.shtml,2020-04-28,吉林省公共资源交易信息网
玉溪市江川区江城镇中心卫生院救护车采购项目成交公告,http://www.ggzy.gov.cn/information/html/a/530000/0202/202004/28/0053c4f913a798a14dd4984b0ab7d38af929.shtml,2020-04-28,玉溪市公共资源交易中心
普洱市人民医院新生儿眼底筛查系统采购中标公告,http://www.ggzy.gov.cn/information/html/a/530000/0202/202004/28/0053118c9d67b7df495e88ea4db84161e31f.shtml,2020-04-28,普洱市公共资源交易中心
新化县孟公镇太阳中学综合楼建设项目招标答疑,http://www.ggzy.gov.cn/information/html/a/430000/0101/202004/28/0043c7a3a236c05e46298ecde27d79bf399c.shtml,2020-04-28,
江南大学体育训练馆（风雨操场）项目施工总承包工程,http://www.ggzy.gov.cn/information/html/a/320000/0101/202004/28/00323847ed87c99f4dba8b1a9263d34f91c1.shtml,2020-04-28,无锡市建设工程网上招投标系统
关于赣榆区文体广电和旅游局地埋式篮球架、移动式篮球架等采购的公告,http://www.ggzy.gov.cn/information/html/a/320000/0201/202004/28/00322d441da4c0c34b9c99c20dff8c7e213e.shtml,2020-04-28,连云港建设工程网上招投标系统
江南大学体育训练馆（风雨操场）项目监理工程,http://www.ggzy.gov.cn/information/html/a/320000/0101/202004/28/003220c0d8d5eb9241899edbf7948f6b4fcf.shtml,2020-04-28,无锡市建设工程网上招投标系统
关于赣榆区文体广电和旅游局室外健身路径采购的公告,http://www.ggzy.gov.cn/information/html/a/320000/0201/202004/28/003200b26619bad849159beeb4c2df33f6e9.shtml,2020-04-28,连云港建设工程网上招投标系统
农安工业集中区管理委员会劳务派遣服务项目中标公告,http://www.ggzy.gov.cn/information/html/a/220000/0202/202004/28/0022979fe7b56b7f40b39c38ea8ff989cd11.shtml,2020-04-28,长春市公共资源交易中心(新)
舟山花园三期三区智能化项目（二次招标）资审文件,http://www.ggzy.gov.cn/information/html/a/320000/0105/202004/28/0032a04b5d976d124a5d8faf7cf1d44d2cf8.shtml,2020-04-28,苏州市公共资源交易平台
舟山花园三期三区智能化项目（二次招标）,http://www.ggzy.gov.cn/information/html/a/320000/0101/202004/28/003253abf779c81441d9bdad29857d73e1d0.shtml,2020-04-28,苏州市公共资源交易平台
涿鹿县2020年矾山镇脱贫攻坚项目-建设春秋棚及冬暖棚工程中标公告,http://www.ggzy.gov.cn/information/html/a/130000/0202/202004/28/0013cab40894b402468e8b2e9282aaf2c6d6.shtml,2020-04-28,
苏州市公安局苏州工业园区分局斜塘派出所关于斜塘派出所动迁小区技防监控系统2020年维护保养服务项目的招标公告,http://www.ggzy.gov.cn/information/html/a/320000/0201/202004/28/0032d3be9f532f4d466c99fd6c2cd69a8916.shtml,2020-04-28,苏州工业园区公共资源交易中心
苏州市公安局苏州工业园区分局斜塘派出所关于斜塘派出所道路监控2020年维护保养服务项目的招标公告,http://www.ggzy.gov.cn/information/html/a/320000/0201/202004/28/00327890e97ba0e04fc8b2cf990886fbb295.shtml,2020-04-28,苏州工业园区公共资源交易中心
应急监测能力建设项目变更公告,http://www.ggzy.gov.cn/information/html/a/520000/0204/202004/28/0052bbcb33bb7c7a4675aeafc9fb33c8a552.shtml,2020-04-28,贵阳市公共资源交易中心
纯化镇许楼村工矿废弃地复垦利用试点项目区中标公示,http://www.ggzy.gov.cn/information/html/a/370000/0202/202004/28/00370227a683d6314410a57e4357707178bb.shtml,2020-04-28,滨州市公共资源电子交易系统
云龙健康公园厕所及管理用房工程结果公告,http://www.ggzy.gov.cn/information/html/a/510000/0202/202004/28/00516e2f8906001041e0b0731b7d4f2c42ab.shtml,2020-04-28,
红土梁镇2020年非贫困村村内道路建设工程竞争性磋商公告,http://www.ggzy.gov.cn/information/html/a/130000/0201/202004/28/0013f0d1061ad3a74427a202fe6a2a26d823.shtml,2020-04-28,
第七师2020年农网改造升级工程新建126团110千伏变电站工程（勘察设计）招标公告,http://www.ggzy.gov.cn/information/html/a/660000/0101/202004/28/0066a78916bfc9424e74916a0a9c64aa7754.shtml,2020-04-28,新疆生产建设兵团公共资源交易中心
校园保安服务项目校园保安服务项目中标公示,http://www.ggzy.gov.cn/information/html/a/320000/0202/202004/28/0032edf3e39089b649b48abc9d74887bfbb7.shtml,2020-04-28,太仓市公共资源交易管理平台
河北轨道运输职业技术学院城市轨道交通车辆检修工职业技能训练设备购置项目公开招标,http://www.ggzy.gov.cn/information/html/a/130000/0201/202004/28/0013c07855eb51834a40af63a2c3900d3992.shtml,2020-04-28,河北省公共资源交易系统
河北中医学院客观结构化临床考试(OSCE)建设项目招标公告,http://www.ggzy.gov.cn/information/html/a/130000/0201/202004/28/0013934c52efe7a044acb3b643206df5cee8.shtml,2020-04-28,河北省公共资源交易系统
河北省气象科学研究所绿色产业发展气象保障工程-河北省植被生态气象监测评估技术服务项目招标公告,http://www.ggzy.gov.cn/information/html/a/130000/0201/202004/28/00132131b37d371440a6914699695e83f8f5.shtml,2020-04-28,河北省公共资源交易系统
河北省文艺家之家工程弱电工程中标公告,http://www.ggzy.gov.cn/information/html/a/130000/0104/202004/28/0013206fd1ede483414e914ce5f0b68f31d4.shtml,2020-04-28,河北省公共资源交易系统
泸县云龙镇2019年中央水利发展资金小型水源工程结果公告,http://www.ggzy.gov.cn/information/html/a/510000/0202/202004/28/0051fee10fcb5e8649338405f22662de1ec1.shtml,2020-04-28,
海天连城三期小区供配电项目高低压设备采购招标\澄清文件,http://www.ggzy.gov.cn/information/html/a/320000/0105/202004/28/0032c84c33e512004eed9e0652b3ddb910b0.shtml,2020-04-28,连云港建设工程网上招投标系统
务川自治县涪洋中学运动场建设项目施工招标,http://www.ggzy.gov.cn/information/html/a/520000/0104/202004/28/0052ea535e7c8e9441159e5fcbcd31609169.shtml,2020-04-28,遵义市公共资源交易中心
